node_id,charger_id,period,year,month,district,units,load,totservices,billdservices,charger_age_months,ev_registrations,latitude,longitude,charger_rating,connector_rating,total_connectors,govt_private,charger_name,city_village,charge_point_operators,chargers_type,source,population_density,amenity_count,shop_count,tourism_count,fuel_count,healthcare_count,education_count
0,NTC_0001,2025-10,2025,10,ADILABAD,1469.0,255.0,6.0,4.0,33,53,19.086198,78.351012,7.4,7.4,,Government,Bhardwaja Filling Station Vakkaladagga,Adilabad,,,North,7202.7265625,27.0,8.0,0.0,4.0,4.0,1.0
1,NTC_0002,2025-10,2025,10,ADILABAD,1469.0,255.0,6.0,4.0,33,53,19.486125,78.680428,7.0,7.0,,Government,Indravelli,Adilabad,,,North,1928.6934814453125,8.0,0.0,0.0,0.0,1.0,0.0
2,NTC_0003,2025-10,2025,10,ADILABAD,1469.0,255.0,6.0,4.0,33,53,19.639182,78.509912,7.4,7.4,,Government,"M/S. Varun Petro Plaza,Mavala",Adilabad,,,North,1725.459228515625,2.0,0.0,0.0,0.0,1.0,0.0
3,NTC_0004,2025-10,2025,10,ADILABAD,1469.0,255.0,6.0,4.0,33,53,19.502716,78.843976,7.0,7.0,,Government,Narnoor,Adilabad,,,North,1066.94482421875,12.0,3.0,0.0,0.0,3.0,0.0
4,NTC_0005,2025-10,2025,10,ADILABAD,1469.0,255.0,6.0,4.0,33,53,19.431521,78.575492,7.0,7.0,,Government,Sirikonda,Adilabad,,,North,1242.8387451171875,4.0,0.0,0.0,0.0,0.0,0.0
5,NTC_0006,2025-10,2025,10,ADILABAD,1469.0,255.0,6.0,4.0,33,53,19.37536,78.775157,7.4,7.4,,Government,Indian Oil Dealer Sy.No.435/3 Girijan Co-Op.Corporation,Adilabad,,,North,1056.348876953125,11.0,1.0,0.0,0.0,2.0,0.0
6,NTC_0007,2025-10,2025,10,ADILABAD,1469.0,255.0,6.0,4.0,33,53,19.669815,78.52186,30.0,30.0,,Private,"Iocl - Police Petrol Pump, Apj Abdul Kalam Rd, Vidya Nagar, Adilabad(U), Telangana 504001",Adilabad,,,North,7921.98095703125,44.0,0.0,0.0,0.0,11.0,5.0
7,NTC_0008,2025-10,2025,10,ADILABAD,1469.0,255.0,6.0,4.0,33,53,19.646664,78.515466,25.0,25.0,,Private,"Iocl - Sri Sainath Filling Station, Mavala, Sy No 162&163, Mavala, Sv Hanuman Mandal, Adilabad Dist, Telangana - 504001",Adilabad,,,North,2679.317138671875,9.0,0.0,0.0,0.0,5.0,0.0
8,NTC_0009,2025-10,2025,10,ADILABAD,1469.0,255.0,6.0,4.0,33,53,19.656025,78.52951,30.0,30.0,,Private,"Sree Venkateswara Motors, Dasnapur, Plot No 8, Survey No ?? 21/4, Industrial Area, Dasnapur, Adilabad ?? 504001",Adilabad,,,North,7726.46240234375,27.0,0.0,0.0,0.0,9.0,2.0
9,NTC_0010,2025-10,2025,10,ADILABAD,1469.0,255.0,6.0,4.0,33,53,19.656025,78.52951,15.0,15.0,,Private,"Sree Venkateswara Motors, Dasnapur, Plot No 8, Survey No ?? 21/4, Industrial Area, Dasnapur, Adilabad ?? 504001",Adilabad,,,North,7726.46240234375,27.0,0.0,0.0,0.0,9.0,2.0
10,NTC_0011,2025-10,2025,10,ADILABAD,1469.0,255.0,6.0,4.0,33,53,19.672283,78.527794,60.0,60.0,,Government,"4-5-55/8, VIDHYANAGAR, ADILABAD, ADILABAD, , City=ADILABAD, District=ADILABAD, State=Telangana",ADILABAD,,,North,11715.328125,91.0,26.0,0.0,0.0,33.0,5.0
11,NTC_0012,2025-10,2025,10,ADILABAD,1469.0,255.0,6.0,4.0,33,53,19.659197,78.524255,3.0,3.0,,Government,"DASNAPUR, ADILABAD, , City=ADILABAD, District=ADILABAD, State=Telangana",ADILABAD,,,North,8927.66015625,37.0,0.0,0.0,0.0,12.0,1.0
12,NTC_0013,2025-10,2025,10,ADILABAD,1469.0,255.0,6.0,4.0,33,53,19.589045,78.482298,60.0,60.0,,Government,"SY NO 13 AA, KAMALAPUR VILLAGE, , City=ADILABAD, District=ADILABAD, State=Telangana",ADILABAD,,,North,2.059699077960886e-10,0.0,0.0,0.0,0.0,0.0,0.0
13,NTC_0014,2025-10,2025,10,ADILABAD,1469.0,255.0,6.0,4.0,33,53,19.685198,78.5438,3.0,3.0,,Government,"SY NO. 153/2/2 & 153/2/3, ADILABAD TOWN, , City=ADILABAD, District=ADILABAD, State=Telangana",ADILABAD,,,North,4075.896240234375,7.0,0.0,0.0,2.0,1.0,1.0
14,NTC_0015,2025-10,2025,10,BHADRADRI KOTHAGUDEM,4592.0,328.0,8.0,7.0,33,82,17.67214,80.89002,30.0,30.0,,Government,Bhadrachalam,Bhadradri Kothagudem,,,North,11280.685546875,54.0,3.0,3.0,4.0,10.0,5.0
15,NTC_0016,2025-10,2025,10,BHADRADRI KOTHAGUDEM,4592.0,328.0,8.0,7.0,33,82,17.588643,80.683481,30.0,30.0,,Government,New Palvancha,Bhadradri Kothagudem,,,North,5426.689453125,8.0,0.0,1.0,2.0,0.0,0.0
16,NTC_0017,2025-10,2025,10,BHADRADRI KOTHAGUDEM,4592.0,328.0,8.0,7.0,33,82,17.400985,80.504387,3.3,3.3,,Government,Indian Oil Dealer Sy.No.250/Aa Gundepudi Village,Bhadradri Kothagudem,,,North,2673.53076171875,8.0,0.0,0.0,0.0,3.0,1.0
17,NTC_0018,2025-10,2025,10,HANUMAKONDA,21314.0,1037.0,23.0,21.0,33,141,18.010621,79.49865,3.3,3.3,,Government,"M/S. A S Brothers Filling Station,Devannapet",Devannapet,,,North,306.7414855957031,1.0,0.0,0.0,0.0,0.0,0.0
18,NTC_0019,2025-10,2025,10,HANUMAKONDA,21314.0,1037.0,23.0,21.0,33,141,18.015017,79.542687,7.4,7.4,,Government,"Sree Thirumala Filling Station,Gopalapur",Bheemaram,,,North,11798.046875,15.0,3.0,0.0,0.0,3.0,0.0
19,NTC_0020,2025-10,2025,10,JANGAON,719.0,221.55,5.0,4.0,10,24,17.789141,79.049072,7.0,7.0,,Government,Chinnaramarcherla,Jangoan,,,North,388.13134765625,0.0,0.0,0.0,0.0,0.0,0.0
20,NTC_0021,2025-10,2025,10,JANGAON,719.0,221.55,5.0,4.0,10,24,17.55364,79.314382,7.0,7.0,,Government,Kadavendi,Jangoan,,,North,18.037805557250977,0.0,0.0,0.0,0.0,0.0,0.0
21,NTC_0022,2025-10,2025,10,JANGAON,719.0,221.55,5.0,4.0,10,24,17.928853,79.172319,3.3,3.3,,Government,"M/S. Mahendar Filling Station,Tarigoppula",Akkarajpalli,,,North,2.8569631576538086,1.0,0.0,0.0,0.0,0.0,0.0
22,NTC_0023,2025-10,2025,10,JANGAON,719.0,221.55,5.0,4.0,10,24,17.75294,79.248514,7.4,7.4,,Government,"R J Filling Station,Raghunathapally",Aswaraopalli,,,North,500.2024230957031,1.0,0.0,0.0,0.0,1.0,0.0
23,NTC_0024,2025-10,2025,10,JANGAON,719.0,221.55,5.0,4.0,10,24,17.75294,79.248514,30.0,30.0,,Government,Raghunathpally,Jangoan,,,North,500.2024230957031,1.0,0.0,0.0,0.0,1.0,0.0
24,NTC_0025,2025-10,2025,10,JANGAON,719.0,221.55,5.0,4.0,10,24,17.821686,79.342326,3.3,3.3,,Government,Indian Oil Dealer Chagal Station Ghanpur Jangaon Telangana 506101,Jangaon,,,North,189.35726928710935,0.0,0.0,0.0,0.0,0.0,0.0
25,NTC_0026,2025-10,2025,10,JANGAON,719.0,221.55,5.0,4.0,10,24,17.780149,79.146914,3.3,3.3,,Government,Indian Oil Dealer Sy.No.276/A/1/2 Ganugupahad Village,Jangaon,,,North,14.30030345916748,0.0,0.0,0.0,0.0,0.0,0.0
26,NTC_0027,2025-10,2025,10,JANGAON,719.0,221.55,5.0,4.0,10,24,17.731556,79.204199,3.3,3.3,,Government,Indian Oil Dealer Sy.No-82/1 & 82/15 Yashwanthpur Village,Jangaon,,,North,472.6418151855469,2.0,0.0,0.0,0.0,0.0,2.0
27,NTC_0028,2025-10,2025,10,JANGAON,719.0,221.55,5.0,4.0,10,24,17.665421,79.427211,7.4,7.4,,Government,Indian Oil Dealers Palakurthy Warangal Dist. Andhra Pradesh Lock No.-2/3/D2 G,Jangaon,,,North,4073.7294921875,35.0,7.0,3.0,4.0,3.0,4.0
28,NTC_0029,2025-10,2025,10,JANGAON,719.0,221.55,5.0,4.0,10,24,17.533874,79.350459,30.0,30.0,,Government,Iocl Dealer Lock No.-121/T3 E-1- Sy.748/H Devaruppala Village And Mandal,Jangaon,,,North,1437.443359375,4.0,0.0,0.0,0.0,1.0,0.0
29,NTC_0030,2025-10,2025,10,JANGAON,719.0,221.55,5.0,4.0,10,24,17.735673,79.137119,30.0,30.0,,Government,Iocl Dealer Sy.No.83/B And 362 Shameerpet Village,Jangaon,,,North,1049.520751953125,4.0,0.0,0.0,0.0,0.0,1.0
30,NTC_0031,2025-10,2025,10,KAMAREDDY,5795.0,648.0840000000001,16.0,14.0,33,64,18.370204,77.874176,7.0,7.0,,Government,Banswada,Kamareddy,,,North,1413.1414794921875,10.0,1.0,0.0,1.0,0.0,0.0
31,NTC_0032,2025-10,2025,10,KAMAREDDY,5795.0,648.0840000000001,16.0,14.0,33,64,18.316621,78.445482,3.3,3.3,,Government,"Mshsd Sri Lakshmi Narasimha Fs,Palwancha",Adloor,,,North,1122.834228515625,1.0,0.0,0.0,0.0,0.0,0.0
32,NTC_0033,2025-10,2025,10,KAMAREDDY,5795.0,648.0840000000001,16.0,14.0,33,64,18.206261,78.526952,3.3,3.3,,Government,"Mshsd Sri Mahalaxmi Hp Filling Stn,Bibipet",Bibipet,,,North,636.9647827148438,12.0,0.0,0.0,0.0,4.0,1.0
33,NTC_0034,2025-10,2025,10,KAMAREDDY,5795.0,648.0840000000001,16.0,14.0,33,64,18.27169,78.364092,60.0,60.0,,Government,Narsanapalli,Kamareddy,,,North,871.0515747070312,0.0,0.0,0.0,0.0,0.0,0.0
34,NTC_0035,2025-10,2025,10,KAMAREDDY,5795.0,648.0840000000001,16.0,14.0,33,64,18.323004,78.308301,30.0,30.0,,Government,Indian Oil Dealer Sy.No.138/2/2 Devunipalli Village,Kamareddy,,,North,753.5772705078125,2.0,0.0,0.0,0.0,1.0,0.0
35,NTC_0036,2025-10,2025,10,KAMAREDDY,5795.0,648.0840000000001,16.0,14.0,33,64,18.425679,77.993609,7.4,7.4,,Government,Indian Oil Dealer Sy.No.222/5 Hanmajipet Village,Kamareddy,,,North,153.06277465820312,0.0,0.0,0.0,0.0,0.0,0.0
36,NTC_0037,2025-10,2025,10,KAMAREDDY,5795.0,648.0840000000001,16.0,14.0,33,64,18.319391,78.327293,30.0,30.0,,Government,Indian Oil Dealer Sy.No.90/8A 90/9A 90/7A92/3 93/A 94/1A Lingapur(V),Kamareddy,,,North,11154.080078125,45.0,12.0,6.0,1.0,13.0,3.0
37,NTC_0038,2025-10,2025,10,KAMAREDDY,5795.0,648.0840000000001,16.0,14.0,33,64,18.24474,78.129464,7.4,7.4,,Government,Indian Oil Dealer Sy.No-1062/2 Lingampet Village & Mandal,Kamareddy,,,North,2550.472900390625,8.0,0.0,0.0,0.0,2.0,0.0
38,NTC_0039,2025-10,2025,10,KAMAREDDY,5795.0,648.0840000000001,16.0,14.0,33,64,18.169598,78.401691,30.0,30.0,,Government,Indian Oil Dealers Bhiknur Andhra Pradesh,Kamareddy,,,North,581.8311157226562,0.0,0.0,0.0,0.0,0.0,0.0
39,NTC_0040,2025-10,2025,10,KAMAREDDY,5795.0,648.0840000000001,16.0,14.0,33,64,18.187761,78.02344,30.0,30.0,,Government,Indian Oil Dealers Sy No 453/3 Andhra Pradesh,Kamareddy,,,North,2210.701171875,1.0,0.0,0.0,0.0,0.0,0.0
40,NTC_0041,2025-10,2025,10,KAMAREDDY,5795.0,648.0840000000001,16.0,14.0,33,64,18.21501,78.35898,3.3,3.3,,Government,Indianoil Dealer Sircilla Road Kamareddy (V&M) District Kamareddy,Kamareddy,,,North,22.04970932006836,0.0,0.0,0.0,0.0,0.0,0.0
41,NTC_0042,2025-10,2025,10,KAMAREDDY,5795.0,648.0840000000001,16.0,14.0,33,64,18.234937,77.829787,7.4,7.4,,Government,Sy.No.186/2 Pothureddypally Village Pitlam Mandal,Kamareddy,,,North,335.2142639160156,2.0,0.0,0.0,0.0,0.0,0.0
42,NTC_0043,2025-10,2025,10,KAMAREDDY,5795.0,648.0840000000001,16.0,14.0,33,64,18.29187,78.346882,30.0,30.0,,Private,"Sree Venkateswara Motors, Hyderabad Road, 1-112/3, Patha Rajampet, Hyderabad Road, Kamareddy-503111",Kamareddy,,,North,593.0484008789062,0.0,0.0,0.0,0.0,0.0,0.0
43,NTC_0044,2025-10,2025,10,KAMAREDDY,5795.0,648.0840000000001,16.0,14.0,33,64,18.29187,78.346882,15.0,15.0,,Private,"Sree Venkateswara Motors, Hyderabad Road, 1-112/3, Patha Rajampet, Hyderabad Road, Kamareddy-503111",Kamareddy,,,North,593.0484008789062,0.0,0.0,0.0,0.0,0.0,0.0
44,NTC_0045,2025-10,2025,10,KAMAREDDY,5795.0,648.0840000000001,16.0,14.0,33,64,18.14254,78.41742,60.0,60.0,,Government,"957/1 , 958/A AND 959, BHIKNUR, , City=BASWAPUR, District=KAMAREDDY, State=Telangana",BASWAPUR,,,North,516.1510620117188,0.0,0.0,0.0,0.0,0.0,0.0
45,NTC_0046,2025-10,2025,10,KAMAREDDY,5795.0,648.0840000000001,16.0,14.0,33,64,18.32231,78.418347,3.0,3.0,,Government,"KAMAREDDY-SIRCILLA ROAD, #, , City=KAMAREDDY, District=KAMAREDDY, State=Telangana",KAMAREDDY,,,North,121.72779083251952,0.0,0.0,0.0,0.0,0.0,0.0
46,NTC_0047,2025-10,2025,10,KAMAREDDY,5795.0,648.0840000000001,16.0,14.0,33,64,18.485803,77.879947,3.0,3.0,,Government,"NASRULLABAD VILLAGE AND MANDAL, KAMAREDDY DIST, , City=KAMAREDDY, District=KAMAREDDY, State=Telangana",KAMAREDDY,,,North,0.1756226569414138,0.0,0.0,0.0,0.0,0.0,0.0
47,NTC_0048,2025-10,2025,10,KAMAREDDY,5795.0,648.0840000000001,16.0,14.0,33,64,18.145407,78.041123,7.0,7.0,,Government,"SY NO 342, MACHAPUR VILLAGE, YELLAREDDY MANDAL, , City=MACHAPUR, District=KAMAREDDY, State=Telangana",MACHAPUR,,,North,519.3789672851562,1.0,0.0,0.0,0.0,0.0,0.0
48,NTC_0049,2025-10,2025,10,KAMAREDDY,5795.0,648.0840000000001,16.0,14.0,33,64,18.44937,78.230249,60.0,60.0,,Government,"SY. NO.17/8 & 17/9, KAMMAJIVADI VILLAGE & POST, , City=KALWARAL, District=KAMAREDDY, State=Telangana",KALWARAL,,,North,437.7060241699219,0.0,0.0,0.0,0.0,0.0,0.0
49,NTC_0050,2025-10,2025,10,KAMAREDDY,5795.0,648.0840000000001,16.0,14.0,33,64,18.418332,78.270395,60.0,60.0,,Government,"SY.NO.279/2, SADASIV NAGAR V & M, NIZAMABAD DISTRICT, , City=SADASHIVANAGAR VILLAGE, District=KAMAREDDY, State=Telangana",SADASHIVANAGAR VILLAGE,,,North,144.66856384277344,1.0,0.0,0.0,0.0,1.0,0.0
50,NTC_0051,2025-10,2025,10,KAMAREDDY,5795.0,648.0840000000001,16.0,14.0,33,64,18.293094,77.768095,60.0,60.0,,Government,"SY.NO.884/PAIKI, PITLAM, PITLAM, , City=PITLAM, District=KAMAREDDY, State=Telangana",PITLAM,,,North,-99999.0,1.0,0.0,0.0,0.0,0.0,0.0
51,NTC_0052,2025-10,2025,10,KAMAREDDY,5795.0,648.0840000000001,16.0,14.0,33,64,18.349444,78.306944,30.0,30.0,,Government,"SYNO 32/1 , NH-7, TEKKARIAL VILL, SYNO 32/1 , NH-7, TEKKARIAL VILL, , City=KAMAREDDY MANDAL, District=KAMAREDDY, State=Telangana",KAMAREDDY MANDAL,,,North,1763.3145751953125,5.0,0.0,0.0,2.0,0.0,0.0
52,NTC_0053,2025-10,2025,10,KARIMNAGAR,7995.0,564.054,14.0,14.0,33,164,18.421818,79.136486,3.3,3.3,,Private,"8, Nh563, Ganesh Nagar, Karimnagar, Telangana 505001",Karimnagar,,,North,12095.146484375,27.0,5.0,3.0,1.0,2.0,0.0
53,NTC_0054,2025-10,2025,10,KARIMNAGAR,7995.0,564.054,14.0,14.0,33,164,18.428197,79.152783,3.3,3.3,,Private,"Opp: Gayathri Filling Station, C5H3+735, Godavarikhani Bypass Rd, Housing Borad Colony, Bommakal, Telangana 505001",Karimnagar,,,North,6962.5576171875,16.0,1.0,1.0,0.0,1.0,2.0
54,NTC_0055,2025-10,2025,10,KARIMNAGAR,7995.0,564.054,14.0,14.0,33,164,18.437326,79.098494,3.3,3.3,,Private,"Padma Nagar, Ramnagar, Karimnagar, Telangana 505001",Karimnagar,,,North,2300.621337890625,1.0,0.0,0.0,0.0,0.0,0.0
55,NTC_0056,2025-10,2025,10,KARIMNAGAR,7995.0,564.054,14.0,14.0,33,164,18.450022,79.12106,3.3,3.3,,Private,"2/10/1567, Jagtial Rd, Opp. Bharath Petrol Bunk, Karimnagar, Telangana 505001",Karimnagar,,,North,11679.1025390625,20.0,2.0,1.0,0.0,11.0,0.0
56,NTC_0057,2025-10,2025,10,KARIMNAGAR,7995.0,564.054,14.0,14.0,33,164,18.45797,79.135745,3.3,3.3,,Private,"F45P+6F, Choppadandi Rd, Subhash Nagar, Karimnagar, Telangana 505001",Karimnagar,,,North,10292.6435546875,15.0,0.0,0.0,1.0,6.0,0.0
57,NTC_0058,2025-10,2025,10,KARIMNAGAR,7995.0,564.054,14.0,14.0,33,164,18.466954,79.11081,3.3,3.3,,Private,"Saleh Nagar, Karimnagar, Telangana 505001",Karimnagar,,,North,4624.798828125,2.0,0.0,0.0,0.0,0.0,0.0
58,NTC_0059,2025-10,2025,10,KARIMNAGAR,7995.0,564.054,14.0,14.0,33,164,18.466954,79.11081,3.3,3.3,,Private,"Saleh Nagar, Karimnagar, Telangana 505001",Karimnagar,,,North,4624.798828125,2.0,0.0,0.0,0.0,0.0,0.0
59,NTC_0060,2025-10,2025,10,KARIMNAGAR,7995.0,564.054,14.0,14.0,33,164,18.569391,78.992665,3.3,3.3,,Private,"Karimnagar, Telangana 505445",Karimnagar,,,North,2646.4052734375,1.0,0.0,0.0,0.0,1.0,0.0
60,NTC_0061,2025-10,2025,10,KARIMNAGAR,7995.0,564.054,14.0,14.0,33,164,18.369147,78.768241,7.4,7.4,,Government,Latha Filling Station Redypalem,Konaraopeta,,,North,1381.068603515625,1.0,0.0,0.0,0.0,0.0,0.0
61,NTC_0062,2025-10,2025,10,KARIMNAGAR,7995.0,564.054,14.0,14.0,33,164,18.441031,78.883328,7.4,7.4,,Government,"M/S. Aditya Service Station,Nampalli",Sircilla,,,North,1118.33349609375,0.0,0.0,0.0,0.0,0.0,0.0
62,NTC_0063,2025-10,2025,10,KARIMNAGAR,7995.0,564.054,14.0,14.0,33,164,18.441615,79.11744,7.4,7.4,,Government,"M/S. Ddl Filling Station,St. Alphones",Karimnagar,,,North,13889.4755859375,29.0,0.0,0.0,0.0,15.0,0.0
63,NTC_0064,2025-10,2025,10,KARIMNAGAR,7995.0,564.054,14.0,14.0,33,164,18.369147,78.768241,7.4,7.4,,Government,"M/S. Durga Matha Filling Station,Peddur",Bonala,,,North,1381.068603515625,1.0,0.0,0.0,0.0,0.0,0.0
64,NTC_0065,2025-10,2025,10,KARIMNAGAR,7995.0,564.054,14.0,14.0,33,164,18.428366,79.138306,7.4,7.4,,Government,"M/S. Mahavir Petroleum,Kaman Jn, Karimnagar",Karimnagar,,,North,13126.341796875,48.0,7.0,4.0,2.0,2.0,2.0
65,NTC_0066,2025-10,2025,10,KARIMNAGAR,7995.0,564.054,14.0,14.0,33,164,18.303766,79.170999,30.0,30.0,,Government,Nusthullapur,Karimnagar,,,North,805.6878662109375,0.0,0.0,0.0,0.0,0.0,0.0
66,NTC_0067,2025-10,2025,10,KARIMNAGAR,7995.0,564.054,14.0,14.0,33,164,18.460028,79.116805,7.0,7.0,,Government,Tsrtc Karimnagar,Karimnagar,,,North,6879.73779296875,3.0,0.0,1.0,0.0,1.0,0.0
67,NTC_0068,2025-10,2025,10,KARIMNAGAR,7995.0,564.054,14.0,14.0,33,164,18.486176,79.221896,3.3,3.3,,Government,Indian Oil Dealer Sy.No.39/B/1 Mogdumpur: Village,Karim Nagar,,,North,434.1860961914063,0.0,0.0,0.0,0.0,0.0,0.0
68,NTC_0069,2025-10,2025,10,KARIMNAGAR,7995.0,564.054,14.0,14.0,33,164,18.21528,79.413619,3.3,3.3,,Government,Indian Oil Dealer Sy.No.499/D Huzurabad (V) Huzurabad Mandal,Karim Nagar,,,North,795.68310546875,3.0,0.0,0.0,0.0,0.0,0.0
69,NTC_0070,2025-10,2025,10,KARIMNAGAR,7995.0,564.054,14.0,14.0,33,164,18.45438,79.052511,3.3,3.3,,Government,Indian Oil Dealer Sy.No.95/C Kamanpur Village,Karim Nagar,,,North,1437.0631103515625,0.0,0.0,0.0,0.0,0.0,0.0
70,NTC_0071,2025-10,2025,10,KARIMNAGAR,7995.0,564.054,14.0,14.0,33,164,18.347634,79.417365,3.3,3.3,,Government,Indian Oil Dealer Veenavanka Villa Veenavanka Mandalkarimnagar Distri Telanagana 505502,Karim Nagar,,,North,430.435302734375,9.0,0.0,0.0,0.0,4.0,0.0
71,NTC_0072,2025-10,2025,10,KARIMNAGAR,7995.0,564.054,14.0,14.0,33,164,18.404848,79.150503,7.4,7.4,,Government,Indian Oil Delears L No T3/127/D1 Sy. No.482 & 483/A & B Alugunur(V) Andhra Pradesh C-7-2,Karim Nagar,,,North,1598.9290771484375,6.0,4.0,0.0,0.0,1.0,0.0
72,NTC_0073,2025-10,2025,10,KARIMNAGAR,7995.0,564.054,14.0,14.0,33,164,18.289857,79.476392,7.4,7.4,,Private,"Jammikunta, Telangana",Karimnagar,,,North,8523.65625,59.0,9.0,0.0,0.0,15.0,11.0
73,NTC_0074,2025-10,2025,10,KARIMNAGAR,7995.0,564.054,14.0,14.0,33,164,18.289891,79.476534,7.4,7.4,,Private,"Railway Station Road, Jammikunta, Telangana 505122",Chelpur,,,North,8523.65625,58.0,9.0,0.0,0.0,15.0,11.0
74,NTC_0075,2025-10,2025,10,KARIMNAGAR,7995.0,564.054,14.0,14.0,33,164,18.459566,79.142254,7.4,7.4,,Private,Saraswathi Nagar Telangana,Karimnagar,,,North,1495.0103759765625,5.0,0.0,0.0,1.0,3.0,0.0
75,NTC_0076,2025-10,2025,10,KARIMNAGAR,7995.0,564.054,14.0,14.0,33,164,17.820708,78.07434,25.0,25.0,,Private,"Iocl - Raja Rajeshwara F/P, Gangadhara, Sy No 103/A, Odyaram, Gangadhara Mandal, Karimnagar Dist, Telangana 505445",Karimnagar,,,North,656.2999267578125,2.0,0.0,0.0,0.0,0.0,0.0
76,NTC_0077,2025-10,2025,10,KARIMNAGAR,7995.0,564.054,14.0,14.0,33,164,18.748328,79.435889,30.0,30.0,,Private,"Iocl ?? Sai Leela As, Kundanpally, Sy No 301, Kundanpally, Ramagundam, Karimnagar Dist, Telangana, 505215",Ramagundam,,,North,3779.644287109375,2.0,0.0,0.0,0.0,0.0,0.0
77,NTC_0078,2025-10,2025,10,KARIMNAGAR,7995.0,564.054,14.0,14.0,33,164,18.094591,79.449921,30.0,30.0,,Private,"Iocl - Sai Ss, Elkaturthy, Sy No 315&317, Elkaturthy, Warangal Urban Dist(Old Karimnagar), Telangana 505476",Elkathurthy,,,North,2166.53662109375,5.0,0.0,0.0,1.0,2.0,0.0
78,NTC_0079,2025-10,2025,10,KARIMNAGAR,7995.0,564.054,14.0,14.0,33,164,18.198936,79.397736,30.0,30.0,,Private,"Iocl - Sudhakar Ss, Huzurabad, Sy No -2370, Huzurabad, Karimnagar Dist, Telangana - 505468",Huzurabad,,,North,7549.5791015625,38.0,5.0,0.0,1.0,10.0,4.0
79,NTC_0080,2025-10,2025,10,KARIMNAGAR,7995.0,564.054,14.0,14.0,33,164,18.417928,79.13639,30.0,30.0,,Private,"Select Cars, Hyderabad Rd - Kothirampur, No 8-6-396, Hyderabad Rd, Kothirampur, Karimnagar, Telangana 505001",Karimnagar,,,North,12095.146484375,13.0,3.0,2.0,0.0,1.0,0.0
80,NTC_0081,2025-10,2025,10,KHAMMAM,7319.0,310.0,7.0,7.0,33,193,17.241155,80.14884,3.3,3.3,,Private,"64Rx+8Cp, Jammi Banda Rd, Manikya Nagar Basti, Khammam, Telangana 507002",Khammam,,,North,13102.3212890625,225.0,79.0,6.0,1.0,53.0,30.0
81,NTC_0082,2025-10,2025,10,KHAMMAM,7319.0,310.0,7.0,7.0,33,193,17.250384,80.145695,3.3,3.3,,Private,"1, Wyra Rd, Balaji Nagar, Khammam, Telangana 507001",Khammam,,,North,12982.5166015625,392.0,147.0,18.0,3.0,131.0,32.0
82,NTC_0083,2025-10,2025,10,KHAMMAM,7319.0,310.0,7.0,7.0,33,193,17.15668,80.174925,3.3,3.3,,Government,"Addanki Filling Station,Pandillapalli",Ananthasagar,,,North,146.42860412597656,2.0,0.0,0.0,0.0,0.0,0.0
83,NTC_0084,2025-10,2025,10,KHAMMAM,7319.0,310.0,7.0,7.0,33,193,17.055075,80.120911,3.3,3.3,,Government,"Janatha Filling Point,Banapuram",Appalanarasimhapuram,,,North,701.0128173828125,1.0,0.0,0.0,0.0,0.0,0.0
84,NTC_0085,2025-10,2025,10,KHAMMAM,7319.0,310.0,7.0,7.0,33,193,17.264221,80.146289,30.0,30.0,,Government,Khammam,Khammam,,,North,11862.4189453125,58.0,9.0,4.0,1.0,5.0,8.0
85,NTC_0086,2025-10,2025,10,KHAMMAM,7319.0,310.0,7.0,7.0,33,193,17.200138,80.560177,7.4,7.4,,Government,"M/S. Sree Anjaneya Filling Station,Kallur",Battulapalli,,,North,1393.204833984375,6.0,0.0,0.0,0.0,2.0,0.0
86,NTC_0087,2025-10,2025,10,KHAMMAM,7319.0,310.0,7.0,7.0,33,193,17.285004,80.367436,3.3,3.3,,Government,"M/S. Sri Venkateswara Quality Fuels,Gubbagurthi",Dachapuram,,,North,15.238125801086426,2.0,0.0,0.0,0.0,0.0,0.0
87,NTC_0088,2025-10,2025,10,KHAMMAM,7319.0,310.0,7.0,7.0,33,193,17.254947,80.161735,7.4,7.4,,Government,"Sri Rama Kotaiah Fuel Point,Khammam",Ballepalli,,,North,11843.78125,92.0,51.0,12.0,4.0,3.0,20.0
88,NTC_0089,2025-10,2025,10,KHAMMAM,7319.0,310.0,7.0,7.0,33,193,17.257184,81.131007,3.3,3.3,,Government,"Sri Vishnu Filling Station,Aswaraopet",Achutapuram,,,North,1438.29736328125,0.0,2.0,0.0,0.0,0.0,0.0
89,NTC_0090,2025-10,2025,10,KHAMMAM,7319.0,310.0,7.0,7.0,33,193,17.25135,80.1047,30.0,30.0,,Government,Yedulapuram,Khammam,,,North,2409.097412109375,18.0,0.0,0.0,10.0,0.0,3.0
90,NTC_0091,2025-10,2025,10,KHAMMAM,7319.0,310.0,7.0,7.0,33,193,17.311143,79.943543,3.3,3.3,,Government,Indian Oil Dealer 105/A2 Beerolu Village,Khammam,,,North,510.6841430664063,1.0,0.0,0.0,0.0,1.0,0.0
91,NTC_0092,2025-10,2025,10,KHAMMAM,7319.0,310.0,7.0,7.0,33,193,17.197091,80.526991,3.3,3.3,,Government,Indian Oil Dealer Lakshmi Thanda Kalluru Khammam Telangana 507209,Khammam,,,North,643.7938232421875,3.0,0.0,0.0,0.0,0.0,0.0
92,NTC_0093,2025-10,2025,10,KHAMMAM,7319.0,310.0,7.0,7.0,33,193,17.280815,80.864588,3.3,3.3,,Government,Indian Oil Dealer Sy.No.77/^N/^B/2B Buggapadu Sattupalli Mandal,Khammam,,,North,1572.6378173828125,0.0,0.0,0.0,0.0,0.0,0.0
93,NTC_0094,2025-10,2025,10,KHAMMAM,7319.0,310.0,7.0,7.0,33,193,17.228489,80.149773,7.4,7.4,,Government,Ioc Dlr Lock No. Ig4104 Mustafanagar Bonakal Roadkmm Ap Andhra Pradesh,Khammam,,,North,6830.4912109375,51.0,21.0,1.0,1.0,3.0,6.0
94,NTC_0095,2025-10,2025,10,KHAMMAM,7319.0,310.0,7.0,7.0,33,193,17.218696,80.29753,7.4,7.4,,Government,Iocl Dealer Sy.No.239/F/1/1 Khammam-Wyra Road Konijerla,Khammam,,,North,3887.306396484375,10.0,0.0,0.0,0.0,3.0,0.0
95,NTC_0096,2025-10,2025,10,KHAMMAM,7319.0,310.0,7.0,7.0,33,193,17.110654,80.337314,7.4,7.4,,Government,Sy.No.300A2 Rebbavaram Village Indian Oil Dealer Rebbavaram Village,Khammam,,,North,1119.3426513671875,2.0,0.0,0.0,0.0,0.0,0.0
96,NTC_0097,2025-10,2025,10,KHAMMAM,7319.0,310.0,7.0,7.0,33,193,17.27019,80.3579,3.3,3.3,,Government,Sy.No.382/2/3 Gubbakurthi Village Konijerla Mandal,Khammam,,,North,138.3253936767578,0.0,0.0,0.0,0.0,0.0,0.0
97,NTC_0098,2025-10,2025,10,KHAMMAM,7319.0,310.0,7.0,7.0,33,193,17.251209,80.139372,7.4,7.4,,Private,"9, Station Rd, Braman Bazar, Nizampet, Khammam, Telangana 507001",Burhanpuram,,,North,13715.8720703125,345.0,127.0,11.0,7.0,99.0,26.0
98,NTC_0099,2025-10,2025,10,KHAMMAM,7319.0,310.0,7.0,7.0,33,193,16.921783,80.366179,7.4,7.4,,Private,"Madhira Railway Station, Madhira , Khammam, Telangana - 507203",Allinagaram,,,North,10061.7255859375,47.0,14.0,0.0,2.0,10.0,2.0
99,NTC_0100,2025-10,2025,10,KHAMMAM,7319.0,310.0,7.0,7.0,33,193,17.552172,80.614378,7.4,7.4,,Private,"Yellandu Bypass Rd, Srinagar, Laxmidevipally, Telangana 507101",Bhajanamandir,,,North,11366.1796875,121.0,22.0,7.0,4.0,20.0,5.0
100,NTC_0101,2025-10,2025,10,KHAMMAM,7319.0,310.0,7.0,7.0,33,193,17.250644,80.14484,30.0,30.0,,Private,"Iocl - Balaji Service Station, Khammam, Khammam Urban, Khammam District, Telangana 507003",Khammam,,,North,12982.5166015625,397.0,146.0,18.0,3.0,131.0,33.0
101,NTC_0102,2025-10,2025,10,KHAMMAM,7319.0,310.0,7.0,7.0,33,193,17.67267,80.88891,30.0,30.0,,Private,"Iocl - Chakka Venkata Subba Rao, Bhadrachalam Rd, Bhadrachalam, Telangana 507111",Bhadrachalam,,,North,11280.685546875,50.0,3.0,3.0,4.0,10.0,4.0
102,NTC_0103,2025-10,2025,10,KHAMMAM,7319.0,310.0,7.0,7.0,33,193,18.314547,80.549561,30.0,30.0,,Private,"Iocl - Jai Ganesh Fs, National Highway 202, Chirtapalle G, Telangana 507136",Venkatapuram,,,North,1758.3153076171875,12.0,5.0,0.0,1.0,0.0,2.0
103,NTC_0104,2025-10,2025,10,KHAMMAM,7319.0,310.0,7.0,7.0,33,193,17.584326,80.329608,30.0,30.0,,Private,"Iocl - Janapriya Filling Station, Yellandu, Sy No: 609/43, Yellandu, Bhadradri Kothagudem Dist, Telangana 507123",Yellandu,,,North,8071.912109375,37.0,3.0,1.0,1.0,7.0,3.0
104,NTC_0105,2025-10,2025,10,KHAMMAM,7319.0,310.0,7.0,7.0,33,193,17.840583,80.830393,30.0,30.0,,Private,"Iocl - Kandhulapullaiah Oil Fs, Rrrj+65R, Aswapuram, Telangana 507116",Aswapuram,,,North,5626.77294921875,7.0,1.0,0.0,1.0,1.0,0.0
105,NTC_0106,2025-10,2025,10,KHAMMAM,7319.0,310.0,7.0,7.0,33,193,17.599046,80.722814,30.0,30.0,,Private,"Iocl - Sri Ravi Fs, Palwancha, Indira Nagar Colony, Khammam, Nh-221, Kothagudem Bhadrachalam Road, Palvoncha, Palwancha, Telangana 507115",Paloncha,,,North,3610.831298828125,9.0,0.0,0.0,1.0,0.0,2.0
106,NTC_0107,2025-10,2025,10,KHAMMAM,7319.0,310.0,7.0,7.0,33,193,17.559601,80.481416,30.0,30.0,,Private,"Iocl - Sri Sai Venkateshwara Fs, Tekulpally, Hf5J+Vhh, Khammam, Telangana 507123",Tekulpally,,,North,2169.164794921875,6.0,0.0,0.0,0.0,0.0,0.0
107,NTC_0108,2025-10,2025,10,KHAMMAM,7319.0,310.0,7.0,7.0,33,193,17.207041,80.774754,30.0,30.0,,Private,"Iocl - Sri Vyshnavi Service Station, Sattupalli, Sy No: 259/A, Kistaram, Sattupalli, Khammam Dist. Telangana, 579567",Sathupalli,,,North,1155.7005615234375,2.0,0.0,0.0,0.0,0.0,0.0
108,NTC_0109,2025-10,2025,10,KHAMMAM,7319.0,310.0,7.0,7.0,33,193,17.235149,80.136294,3.0,3.0,,Government,"H.NO.4-2-240/4, PLOT NO. 26, TIMBER DEPOT ROAD, , City=KHAMMAM, District=KHAMMAM, State=Telangana",KHAMMAM,,,North,11851.0498046875,80.0,29.0,1.0,0.0,6.0,8.0
109,NTC_0110,2025-10,2025,10,KHAMMAM,7319.0,310.0,7.0,7.0,33,193,17.24376,80.103404,3.0,3.0,,Government,"KODAD X ROAD, KHAMMAM RURAL MANDAL, , City=GURRALAPADU, District=KHAMMAM, State=Telangana",GURRALAPADU,,,North,4917.92822265625,16.0,0.0,0.0,9.0,0.0,2.0
110,NTC_0111,2025-10,2025,10,KHAMMAM,7319.0,310.0,7.0,7.0,33,193,17.24376,80.103404,60.0,60.0,,Government,"KODAD X ROAD, KHAMMAM RURAL MANDAL, , City=GURRALAPADU, District=KHAMMAM, State=Telangana",GURRALAPADU,,,North,4917.92822265625,16.0,0.0,0.0,9.0,0.0,2.0
111,NTC_0112,2025-10,2025,10,KHAMMAM,7319.0,310.0,7.0,7.0,33,193,17.289629,80.191729,3.0,3.0,,Government,"RAGHUNATHAPALEM VIL, KHAMMAM, , City=RAGHUNADHAPALEM, District=KHAMMAM, Telangana, State=Telangana",RAGHUNADHAPALEM,,,North,566.7678833007812,4.0,0.0,0.0,1.0,0.0,0.0
112,NTC_0113,2025-10,2025,10,KHAMMAM,7319.0,310.0,7.0,7.0,33,193,17.237459,80.241697,60.0,60.0,,Government,"RO AT V VENKATAYAPALEM TO TANIKELLA, RO AT KHAMMAM TO SATHUPALLI ROAD, , City=V VENKATAYAPALEM, District=KHAMMAM, State=Telangana",V VENKATAYAPALEM,,,North,344.5633850097656,4.0,0.0,1.0,0.0,1.0,3.0
113,NTC_0114,2025-10,2025,10,KHAMMAM,7319.0,310.0,7.0,7.0,33,193,17.200695,80.63997,3.0,3.0,,Government,"S.NO.283/E,TUMALLAPALLI VILLAGE, VM BANJAR, , City=PENUBALLI MANDAL, District=KHAMMAM, State=Telangana",PENUBALLI MANDAL,,,North,390.2885437011719,0.0,0.0,0.0,0.0,0.0,0.0
114,NTC_0115,2025-10,2025,10,KHAMMAM,7319.0,310.0,7.0,7.0,33,193,17.200695,80.63997,60.0,60.0,,Government,"S.NO.283/E,TUMALLAPALLI VILLAGE, VM BANJAR, , City=PENUBALLI MANDAL, District=KHAMMAM, State=Telangana",PENUBALLI MANDAL,,,North,390.2885437011719,0.0,0.0,0.0,0.0,0.0,0.0
115,NTC_0116,2025-10,2025,10,KHAMMAM,7319.0,310.0,7.0,7.0,33,193,17.201445,80.858994,3.0,3.0,,Government,"SURVEY NO 56/AA/AA, SATTUPALLI VILLAGE, , City=SATTUPALLI, District=KHAMMAM, State=Telangana",SATTUPALLI,,,North,542.869140625,3.0,0.0,0.0,1.0,0.0,0.0
116,NTC_0117,2025-10,2025,10,KHAMMAM,7319.0,310.0,7.0,7.0,33,193,17.201445,80.858994,60.0,60.0,,Government,"SURVEY NO 56/AA/AA, SATTUPALLI VILLAGE, , City=SATTUPALLI, District=KHAMMAM, State=Telangana",SATTUPALLI,,,North,542.869140625,3.0,0.0,0.0,1.0,0.0,0.0
117,NTC_0118,2025-10,2025,10,KHAMMAM,7319.0,310.0,7.0,7.0,33,193,17.287124,80.107872,3.0,3.0,,Government,"SV NO 147/A1 PALLEGUDEM, MV PALEM GRAM PANCHAYAT, , City=MOTHAGUDEM, District=KHAMMAM, State=Telangana",MOTHAGUDEM,,,North,1042.41015625,1.0,0.0,0.0,0.0,0.0,0.0
118,NTC_0119,2025-10,2025,10,KHAMMAM,7319.0,310.0,7.0,7.0,33,193,17.18048,80.391923,3.0,3.0,,Government,"SY.NO 715 STAGE PINAPAKA, H/O SIRIPURAM VILLAGE, , City=WYRA MANDAL, District=KHAMMAM, State=Telangana",WYRA MANDAL,,,North,1151.2626953125,2.0,0.0,0.0,1.0,0.0,0.0
119,NTC_0120,2025-10,2025,10,KHAMMAM,7319.0,310.0,7.0,7.0,33,193,17.18048,80.391923,60.0,60.0,,Government,"SY.NO 715 STAGE PINAPAKA, H/O SIRIPURAM VILLAGE, , City=WYRA MANDAL, District=KHAMMAM, State=Telangana",WYRA MANDAL,,,North,1151.2626953125,2.0,0.0,0.0,1.0,0.0,0.0
120,NTC_0121,2025-10,2025,10,MAHABUBABAD,1235.0,80.03,3.0,3.0,33,38,17.58946,79.976113,3.3,3.3,,Government,Indian Oil Dealer 277/B/4 Shangapuram,Mahabubabad,,,North,1076.878173828125,3.0,0.0,0.0,0.0,0.0,0.0
121,NTC_0122,2025-10,2025,10,MAHABUBABAD,1235.0,80.03,3.0,3.0,33,38,17.483593,79.770309,3.3,3.3,,Government,Indian Oil Dealer Datla Dhanthalapally Mahabubabad Telangana 506324,Mahabubabad,,,North,538.7328491210938,2.0,0.0,0.0,0.0,0.0,0.0
122,NTC_0123,2025-10,2025,10,MAHABUBABAD,1235.0,80.03,3.0,3.0,33,38,17.436956,79.968047,3.3,3.3,,Government,Indian Oil Dealer Sy.No.250/Aa Dharmaram Village,Mahabubabad,,,North,125.58042907714844,1.0,0.0,0.0,0.0,0.0,0.0
123,NTC_0124,2025-10,2025,10,MAHABUBABAD,1235.0,80.03,3.0,3.0,33,38,17.387349,79.892135,7.4,7.4,,Government,Indian Oil Delears Marripeda Lock No T3-203H-1-5 Andhra Pradesh,Mahabubabad,,,North,5165.0224609375,13.0,0.0,0.0,0.0,3.0,0.0
124,NTC_0125,2025-10,2025,10,MAHABUBABAD,1235.0,80.03,3.0,3.0,33,38,17.391207,79.88536,30.0,30.0,,Government,S.No.442 Vill & Mandal- Maripeda Maripeda Warangal Dist. Andhra Pradeshlno.-89/D1/94/T3 D-,Mahabubabad,,,North,4343.14111328125,6.0,0.0,0.0,0.0,3.0,0.0
125,NTC_0126,2025-10,2025,10,MAHABUBABAD,1235.0,80.03,3.0,3.0,33,38,17.521082,79.729615,7.4,7.4,,Government,Sy. No.421/1 & 2 Warangal-Kha Road Dantalapally Warangal Dist. Andhra Pradesh Lock No.-34/D1 E-,Mahabubabad,,,North,1594.1900634765625,4.0,0.0,0.0,0.0,1.0,0.0
126,NTC_0127,2025-10,2025,10,MAHABUBABAD,1235.0,80.03,3.0,3.0,33,38,17.567723,79.670964,3.0,3.0,,Government,"S.NO.310/D, SH-7, WARANGAL-KHAMMAM ROAD, , City=TORRUR, District=MAHABUBABAD, State=Telangana",TORRUR,,,North,2563.86962890625,2.0,0.0,0.0,0.0,1.0,0.0
127,NTC_0128,2025-10,2025,10,MAHABUBABAD,1235.0,80.03,3.0,3.0,33,38,17.567723,79.670964,60.0,60.0,,Government,"S.NO.310/D, SH-7, WARANGAL-KHAMMAM ROAD, , City=TORRUR, District=MAHABUBABAD, State=Telangana",TORRUR,,,North,2563.86962890625,2.0,0.0,0.0,0.0,1.0,0.0
128,NTC_0129,2025-10,2025,10,MAHABUBABAD,1235.0,80.03,3.0,3.0,33,38,17.408252,79.872937,3.0,3.0,,Government,"SH 7, WARANGAL-KHAMMAM ROAD, #, , City=MARIPEDA, District=MAHABUBABAD, State=Telangana",MARIPEDA,,,North,222.27362060546875,2.0,0.0,0.0,0.0,0.0,0.0
129,NTC_0130,2025-10,2025,10,MAHABUBABAD,1235.0,80.03,3.0,3.0,33,38,17.408252,79.872937,60.0,60.0,,Government,"SH 7, WARANGAL-KHAMMAM ROAD, #, , City=MARIPEDA, District=MAHABUBABAD, State=Telangana",MARIPEDA,,,North,222.27362060546875,2.0,0.0,0.0,0.0,0.0,0.0
130,NTC_0131,2025-10,2025,10,MANCHERIAL,2987.0,330.054,8.0,8.0,33,31,18.84879,79.662238,7.0,7.0,,Government,Bheemaram,Mancherial,,,North,138.85499572753906,1.0,0.0,0.0,0.0,0.0,0.0
131,NTC_0132,2025-10,2025,10,MANCHERIAL,2987.0,330.054,8.0,8.0,33,31,19.02382,79.129356,7.4,7.4,,Government,"Rajnivas Hp Filling Station,Lingapur",Dandepalli,,,North,823.4185180664062,1.0,0.0,0.0,0.0,0.0,0.0
132,NTC_0133,2025-10,2025,10,MANCHERIAL,2987.0,330.054,8.0,8.0,33,31,19.073975,79.519263,7.0,7.0,,Government,Thallagurijala,Mancherial,,,North,332.6312561035156,3.0,0.0,0.0,0.0,1.0,1.0
133,NTC_0134,2025-10,2025,10,MANCHERIAL,2987.0,330.054,8.0,8.0,33,31,18.936868,79.193797,3.3,3.3,,Government,Indian Oil Dealer Sy.No.60/Ac Venkatraopet (V) Luxettipet Mandal,Mancherial,,,North,867.7029418945312,3.0,0.0,0.0,0.0,1.0,0.0
134,NTC_0135,2025-10,2025,10,MANCHERIAL,2987.0,330.054,8.0,8.0,33,31,18.878864,79.448992,7.4,7.4,,Private,"Mancherial, Telangana",Mancherial,,,North,11983.1064453125,100.0,22.0,2.0,2.0,27.0,3.0
135,NTC_0136,2025-10,2025,10,MANCHERIAL,2987.0,330.054,8.0,8.0,33,31,19.051772,79.485612,7.4,7.4,,Private,"Railway Statiion Rd, Bellampalle, Telangana 504251",Mancherial,,,North,5134.97802734375,5.0,0.0,2.0,0.0,0.0,0.0
136,NTC_0137,2025-10,2025,10,MANCHERIAL,2987.0,330.054,8.0,8.0,33,31,19.346868,79.490297,7.4,7.4,,Private,"Shop No:1-2-56, Adilabad, Opp. Rajkumar Lodge, Kagaznagar (M), Telangana 504296",Mancherial,,,North,10479.189453125,27.0,3.0,0.0,0.0,11.0,1.0
137,NTC_0138,2025-10,2025,10,MANCHERIAL,2987.0,330.054,8.0,8.0,33,31,18.843597,79.760975,60.0,60.0,,Government,"BHAMRAOPET SIVAR OF CHENNUR MANDAL, NH 63 CHENNUR MANCHERIAL, , City=MANCHERIAL, District=MANCHERIAL, State=Telangana",MANCHERIAL,,,North,1192.23388671875,1.0,0.0,0.0,0.0,0.0,0.0
138,NTC_0139,2025-10,2025,10,MANCHERIAL,2987.0,330.054,8.0,8.0,33,31,18.878728,79.443346,3.0,3.0,,Government,"STATION ROAD, MANCHERIAL TOWN, #, , City=MANCHERIAL, District=MANCHERIAL, State=Telangana",MANCHERIAL,,,North,11983.1064453125,124.0,33.0,4.0,2.0,37.0,6.0
139,NTC_0140,2025-10,2025,10,MANCHERIAL,2987.0,330.054,8.0,8.0,33,31,18.857092,79.477394,7.0,7.0,,Government,"SY NO.105/A1, NH 16, , City=CCC NASPUR, MANCHERIAL MANDAL, District=MANCHERIAL, State=Telangana","CCC NASPUR, MANCHERIAL MANDAL",,,North,4454.78125,12.0,5.0,0.0,1.0,4.0,0.0
140,NTC_0141,2025-10,2025,10,MANCHERIAL,2987.0,330.054,8.0,8.0,33,31,18.868778,79.363904,7.0,7.0,,Government,"SY NO.340 GUDIPET POLICE CAMP, 13TH APSP, N H 16, , City=GUDIPET, MANCHERIAL MANDAL, District=MANCHERIAL, State=Telangana","GUDIPET, MANCHERIAL MANDAL",,,North,2079.44287109375,2.0,0.0,0.0,0.0,0.0,0.0
141,NTC_0142,2025-10,2025,10,MANCHERIAL,2987.0,330.054,8.0,8.0,33,31,18.868778,79.363904,60.0,60.0,,Government,"SY NO.340 GUDIPET POLICE CAMP, 13TH APSP, N H 16, , City=GUDIPET, MANCHERIAL MANDAL, District=MANCHERIAL, State=Telangana","GUDIPET, MANCHERIAL MANDAL",,,North,2079.44287109375,2.0,0.0,0.0,0.0,0.0,0.0
142,NTC_0143,2025-10,2025,10,MANCHERIAL,2987.0,330.054,8.0,8.0,33,31,18.842379,79.563681,60.0,60.0,,Government,"SY.NO.305, POST & VILLAGE -JAIPUR, , City=MANCHERIAL, District=MANCHERIAL, State=Telangana",MANCHERIAL,,,North,481.6374816894531,0.0,0.0,0.0,0.0,0.0,0.0
143,NTC_0144,2025-10,2025,10,MANCHERIAL,2987.0,330.054,8.0,8.0,33,31,18.857078,79.489922,60.0,60.0,,Government,"THEEGALPAHAD - VILLAGE, SRIRAMPUR,, , City=MANCHERIAL MANDAL, District=MANCHERIAL, State=Telangana",MANCHERIAL MANDAL,,,North,4692.79736328125,10.0,1.0,0.0,1.0,1.0,0.0
144,NTC_0145,2025-10,2025,10,NIRMAL,3243.0,349.054,8.0,8.0,33,58,19.028681,78.08655,3.3,3.3,,Government,"M/S. Lokeshwar Petrol Station,Lokeswaram",Gadchanda,,,North,2938.476806640625,6.0,0.0,0.0,0.0,2.0,0.0
145,NTC_0146,2025-10,2025,10,NIRMAL,3243.0,349.054,8.0,8.0,33,58,19.086198,78.351012,7.4,7.4,,Government,"M/S. Sri Venkateshwara Filling Station,Venkatapur",Kadthal,,,North,7202.7265625,27.0,8.0,0.0,4.0,4.0,1.0
146,NTC_0147,2025-10,2025,10,NIRMAL,3243.0,349.054,8.0,8.0,33,58,19.090424,78.323592,7.0,7.0,,Government,Manjulapur,Nirmal,,,North,605.0829467773438,5.0,0.0,0.0,0.0,0.0,1.0
147,NTC_0148,2025-10,2025,10,NIRMAL,3243.0,349.054,8.0,8.0,33,58,19.088002,78.422586,7.0,7.0,,Government,Rathnapur Kandli,Nirmal,,,North,121.48123168945312,0.0,0.0,0.0,0.0,0.0,0.0
148,NTC_0149,2025-10,2025,10,NIRMAL,3243.0,349.054,8.0,8.0,33,58,19.104407,78.244541,3.3,3.3,,Government,Indian Oil Dealer Dilawarpur Vill & Mandalnirmal Dis Telangana 504306,Nirmal,,,North,303.2568054199219,0.0,0.0,0.0,0.0,0.0,0.0
149,NTC_0150,2025-10,2025,10,NIRMAL,3243.0,349.054,8.0,8.0,33,58,19.252994,77.943269,3.3,3.3,,Government,Indian Oil Dealer Sy.No.330/2B Kubeer Village,Nirmal,,,North,1638.0579833984375,9.0,0.0,0.0,0.0,2.0,0.0
150,NTC_0151,2025-10,2025,10,NIRMAL,3243.0,349.054,8.0,8.0,33,58,19.082489,78.360204,30.0,30.0,,Private,"Sree Venkateswara Motors, Divyanagar, Mallikarjuna Complex, Opp: Kvpg College, Divyanagar, Manchiryal Road, Nirmal, Telangana-504106",Nirmal,,,North,3984.009765625,12.0,3.0,0.0,0.0,0.0,1.0
151,NTC_0152,2025-10,2025,10,NIRMAL,3243.0,349.054,8.0,8.0,33,58,19.011316,78.367819,60.0,60.0,,Government,"BPCL DEALER , SYNO 1141( NH-7) ,, BPCL DEALER , SYNO 1141( NH-7) ,, , City=SOAN VILLAGE, NIRMAL MANDAL, District=NIRMAL, State=Telangana","SOAN VILLAGE, NIRMAL MANDAL",,,North,428.9271545410156,3.0,0.0,0.0,1.0,1.0,0.0
152,NTC_0153,2025-10,2025,10,NIRMAL,3243.0,349.054,8.0,8.0,33,58,19.111409,78.341105,3.0,3.0,,Government,"D.NO.5-6-97/5-6J, NEAR BAIL BAZAR, , City=NIRMAL, District=NIRMAL, State=Telangana",NIRMAL,,,North,4385.30029296875,30.0,2.0,0.0,1.0,11.0,1.0
153,NTC_0154,2025-10,2025,10,NIRMAL,3243.0,349.054,8.0,8.0,33,58,19.017567,78.133638,60.0,60.0,,Government,"SY. NO. 701/2/A,701/2C & 701/2, #, , City=NARSAPUR G, District=NIRMAL, State=Telangana",NARSAPUR G,,,North,-99999.0,0.0,0.0,0.0,0.0,0.0,0.0
154,NTC_0155,2025-10,2025,10,NIZAMABAD,17897.0,1142.216,28.0,28.0,33,294,18.725505,78.27407,30.0,30.0,,Government,Argul (Mamidipally),Nizamabad,,,North,484.56982421875,5.0,0.0,0.0,0.0,1.0,0.0
155,NTC_0156,2025-10,2025,10,NIZAMABAD,17897.0,1142.216,28.0,28.0,33,294,18.653883,77.906754,7.0,7.0,,Government,Bodhan,Nizamabad,,,North,1870.9906005859373,0.0,0.0,0.0,0.0,0.0,0.0
156,NTC_0157,2025-10,2025,10,NIZAMABAD,17897.0,1142.216,28.0,28.0,33,294,18.932568,78.19099,3.0,3.0,,Government,Donkeshwar,Nizamabad,,,North,182.1683807373047,2.0,0.0,0.0,0.0,2.0,0.0
157,NTC_0158,2025-10,2025,10,NIZAMABAD,17897.0,1142.216,28.0,28.0,33,294,18.754848,78.338274,3.0,3.0,,Government,Govindpet,Nizamabad,,,North,386.6448364257813,0.0,0.0,0.0,0.0,0.0,0.0
158,NTC_0159,2025-10,2025,10,NIZAMABAD,17897.0,1142.216,28.0,28.0,33,294,18.926341,78.363747,3.3,3.3,,Government,"M/S Padma Mahesh Fuel Station,Mupkal",Bussapur,,,North,1336.4052734375,1.0,0.0,0.0,0.0,0.0,0.0
159,NTC_0160,2025-10,2025,10,NIZAMABAD,17897.0,1142.216,28.0,28.0,33,294,18.636174,78.177037,7.4,7.4,,Government,"Ms/Hsd Kabs Autolines,Bardipur",Chakarnpalli,,,North,1122.658203125,1.0,0.0,0.0,0.0,0.0,0.0
160,NTC_0161,2025-10,2025,10,NIZAMABAD,17897.0,1142.216,28.0,28.0,33,294,18.68807,78.082159,7.4,7.4,,Government,"Ms/Hsd Patc Petroleum,Arsapally",Gajulpet,,,North,2027.353271484375,0.0,0.0,0.0,0.0,0.0,0.0
161,NTC_0162,2025-10,2025,10,NIZAMABAD,17897.0,1142.216,28.0,28.0,33,294,18.782115,78.012337,7.4,7.4,,Government,"Mshsd Sai Krupa Filling Station ,Navipet",Abhangapatnam,,,North,1131.7791748046875,1.0,0.0,0.0,0.0,0.0,0.0
162,NTC_0163,2025-10,2025,10,NIZAMABAD,17897.0,1142.216,28.0,28.0,33,294,18.682066,78.12554,7.0,7.0,,Government,Nizamabad Bypass,Nizamabad,,,North,55.79205322265625,2.0,0.0,0.0,0.0,0.0,0.0
163,NTC_0164,2025-10,2025,10,NIZAMABAD,17897.0,1142.216,28.0,28.0,33,294,18.798705,78.311285,3.0,3.0,,Government,Perkit,Nizamabad,,,North,3768.616455078125,10.0,0.0,0.0,0.0,1.0,0.0
164,NTC_0165,2025-10,2025,10,NIZAMABAD,17897.0,1142.216,28.0,28.0,33,294,18.821147,78.283979,3.3,3.3,,Government,Indian Oil Dealer 815/1/2 Pipri Village,Nizamabad,,,North,157.16319274902344,1.0,0.0,0.0,0.0,0.0,0.0
165,NTC_0166,2025-10,2025,10,NIZAMABAD,17897.0,1142.216,28.0,28.0,33,294,18.691112,78.17517,3.3,3.3,,Government,Indian Oil Dealer Amrad Village Sy.No.954/E Makloor Mandal Nizamabad District,Nizamabad,,,North,8.00175952911377,0.0,0.0,0.0,0.0,0.0,0.0
166,NTC_0167,2025-10,2025,10,NIZAMABAD,17897.0,1142.216,28.0,28.0,33,294,18.788625,78.007347,30.0,30.0,,Government,Indian Oil Dealer H.No.11-1-1929 Gangastan 1 Kanteshwar,Nizamabad,,,North,85.04485321044922,0.0,0.0,0.0,0.0,0.0,0.0
167,NTC_0168,2025-10,2025,10,NIZAMABAD,17897.0,1142.216,28.0,28.0,33,294,18.654626,78.334439,3.3,3.3,,Government,Indian Oil Dealer Mailaram Mailaram Dharpally Nizamabad Telanagana 503165,Nizamabad,,,North,1547.612060546875,1.0,0.0,0.0,0.0,0.0,0.0
168,NTC_0169,2025-10,2025,10,NIZAMABAD,17897.0,1142.216,28.0,28.0,33,294,18.674504,78.482816,3.3,3.3,,Government,Indian Oil Dealer Sy No. 183/A And 184/A Pallikonda Village,Nizamabad,,,North,1776.752197265625,1.0,0.0,0.0,0.0,0.0,0.0
169,NTC_0170,2025-10,2025,10,NIZAMABAD,17897.0,1142.216,28.0,28.0,33,294,18.604734,78.4232,3.3,3.3,,Government,Indian Oil Dealer Sy. No: 254/Aa Pedda Walgote Sirk Nizamabad Telangana 503165,Nizamabad,,,North,367.40814208984375,2.0,0.0,0.0,0.0,0.0,0.0
170,NTC_0171,2025-10,2025,10,NIZAMABAD,17897.0,1142.216,28.0,28.0,33,294,18.649571,78.077398,7.4,7.4,,Government,Indian Oil Dealer Sy.No. 1881&1882 Woddara Colony Village,Nizamabad,,,North,2058.97900390625,4.0,0.0,0.0,0.0,1.0,0.0
171,NTC_0172,2025-10,2025,10,NIZAMABAD,17897.0,1142.216,28.0,28.0,33,294,18.574001,78.114303,7.4,7.4,,Government,Indian Oil Dealer Sy.No. 253 Narsingpally Village,Nizamabad,,,North,947.3453369140624,3.0,0.0,0.0,0.0,1.0,0.0
172,NTC_0173,2025-10,2025,10,NIZAMABAD,17897.0,1142.216,28.0,28.0,33,294,18.846651,78.308902,7.4,7.4,,Government,Indian Oil Dealer Sy.No. 50/60E & 50/6A Fathepur Village,Nizamabad,,,North,41.79917526245117,2.0,0.0,0.0,0.0,0.0,0.0
173,NTC_0174,2025-10,2025,10,NIZAMABAD,17897.0,1142.216,28.0,28.0,33,294,18.545161,78.436168,3.3,3.3,,Government,Indian Oil Dealer Sy.No. 58 58/A/A 58/A/2 Gadkole Village,Nizamabad,,,North,665.7376098632812,0.0,0.0,0.0,0.0,0.0,0.0
174,NTC_0175,2025-10,2025,10,NIZAMABAD,17897.0,1142.216,28.0,28.0,33,294,18.510487,77.964885,3.3,3.3,,Government,Indian Oil Dealer Sy.No.193/A &1 93/Aa Jalalpur Village,Nizamabad,,,North,465.5045166015625,1.0,0.0,0.0,0.0,0.0,0.0
175,NTC_0176,2025-10,2025,10,NIZAMABAD,17897.0,1142.216,28.0,28.0,33,294,18.707625,78.446418,7.4,7.4,,Government,Indian Oil Dealer Sy.No.38/2 Bheemagal Village,Nizamabad,,,North,5984.619140625,4.0,0.0,0.0,0.0,1.0,0.0
176,NTC_0177,2025-10,2025,10,NIZAMABAD,17897.0,1142.216,28.0,28.0,33,294,18.66695,78.08612,7.4,7.4,,Government,Indian Oil Dealer Sy.No.9-8-209 & 9-8-210 Quila Road Nizamabad Town,Nizamabad,,,North,12562.3671875,36.0,2.0,0.0,2.0,5.0,1.0
177,NTC_0178,2025-10,2025,10,NIZAMABAD,17897.0,1142.216,28.0,28.0,33,294,18.68606,78.107104,3.3,3.3,,Government,Indian Oil Dealer Sy.No-382 Old Sy.No-234/2 Gurubabadi Near Kanteshwar,Nizamabad,,,North,11829.14453125,42.0,7.0,1.0,1.0,4.0,4.0
178,NTC_0179,2025-10,2025,10,NIZAMABAD,17897.0,1142.216,28.0,28.0,33,294,18.929667,78.431861,3.3,3.3,,Government,Indian Oil Dealer Velkatoor Villag Sy No.13/2E/2 Mendora Mandal Nizamabad District,Nizamabad,,,North,1126.450927734375,3.0,0.0,0.0,0.0,0.0,0.0
179,NTC_0180,2025-10,2025,10,NIZAMABAD,17897.0,1142.216,28.0,28.0,33,294,18.769634,78.294339,30.0,30.0,,Government,Indian Oil Dealers Armoor Andhra Pradesh,Nizamabad,,,North,1524.94091796875,3.0,0.0,0.0,0.0,1.0,0.0
180,NTC_0181,2025-10,2025,10,NIZAMABAD,17897.0,1142.216,28.0,28.0,33,294,18.687108,78.063675,30.0,30.0,,Government,Indian Oil Dealers S.No.202Arsapalli-V Andhra Pradesh,Nizamabad,,,North,4432.046875,2.0,1.0,0.0,0.0,0.0,0.0
181,NTC_0182,2025-10,2025,10,NIZAMABAD,17897.0,1142.216,28.0,28.0,33,294,18.799876,78.360463,30.0,30.0,,Government,Indian Oil Dealerspadgal (V) Sy No.561/36Armoor-Karimnagar Rd Andhra Pradesh,Nizamabad,,,North,359.0052185058594,1.0,0.0,0.0,0.0,0.0,0.0
182,NTC_0183,2025-10,2025,10,NIZAMABAD,17897.0,1142.216,28.0,28.0,33,294,18.612994,77.983689,7.4,7.4,,Government,Sy.No. 870/3 Mosra Village Indian Oil Dealer Mosra Village,Nizamabad,,,North,262.2720642089844,2.0,0.0,0.0,0.0,0.0,0.0
183,NTC_0184,2025-10,2025,10,NIZAMABAD,17897.0,1142.216,28.0,28.0,33,294,18.61822,77.888299,30.0,30.0,,Government,Sy.No. 99/E & 99/E1 Lad Mavandi Shivar Bodhan Mandal,Nizamabad,,,North,503.5843811035156,0.0,0.0,0.0,0.0,0.0,0.0
184,NTC_0185,2025-10,2025,10,NIZAMABAD,17897.0,1142.216,28.0,28.0,33,294,18.546528,78.382327,7.4,7.4,,Government,Sy.No.738/P6/3 Honnajipet Village Indian Oil Dealer Honnajipet Village,Nizamabad,,,North,146.1714630126953,0.0,0.0,0.0,0.0,0.0,0.0
185,NTC_0186,2025-10,2025,10,NIZAMABAD,17897.0,1142.216,28.0,28.0,33,294,18.675546,78.084493,3.3,3.3,,Private,"Nizamabad, Arsapally, Telangana,503001",Gajulpet,,,North,8848.8427734375,21.0,1.0,0.0,0.0,2.0,0.0
186,NTC_0187,2025-10,2025,10,NIZAMABAD,17897.0,1142.216,28.0,28.0,33,294,18.532897,77.89655,30.0,30.0,,Private,"Iocl - Sai Baba Filling Point, Varni, Sy No 343/5, Varni, Sn Puram, Nizamabad, Telangana 503001",Varni,,,North,3847.308837890625,21.0,0.0,0.0,1.0,5.0,1.0
187,NTC_0188,2025-10,2025,10,NIZAMABAD,17897.0,1142.216,28.0,28.0,33,294,18.457903,77.802091,30.0,30.0,,Private,"Iocl - Sri Laxmi Narasimhaswamy Filling St, Bikroor, Sy No 745/A, Birkur, Kamareddy, Nizamabad Dist, Telangana State 503321",Bikroor,,,North,391.8388977050781,8.0,0.0,0.0,2.0,2.0,0.0
188,NTC_0189,2025-10,2025,10,NIZAMABAD,17897.0,1142.216,28.0,28.0,33,294,18.39506,77.879883,30.0,30.0,,Private,"Iocl - Sri Venkateswra Fs, Banswada, Sy No -342/4, Banswada, Kamareddy, Telangana - 503187",Banswada,,,North,1539.3984375,0.0,0.0,0.0,0.0,0.0,0.0
189,NTC_0190,2025-10,2025,10,NIZAMABAD,17897.0,1142.216,28.0,28.0,33,294,18.656376,78.123865,30.0,30.0,,Private,"Sree Venkateswara Motors, Hyderabad Road, #1??4/1A, Borgaon (P), Hyderabad Road, Nizamabad, Telangana ?? 503230",Nizamabad,,,North,7622.99658203125,2.0,2.0,0.0,0.0,0.0,1.0
190,NTC_0191,2025-10,2025,10,NIZAMABAD,17897.0,1142.216,28.0,28.0,33,294,18.656376,78.123865,15.0,15.0,,Private,"Sree Venkateswara Motors, Hyderabad Road, #1??4/1A, Borgaon (P), Hyderabad Road, Nizamabad, Telangana ?? 503230",Nizamabad,,,North,7622.99658203125,2.0,2.0,0.0,0.0,0.0,1.0
191,NTC_0192,2025-10,2025,10,NIZAMABAD,17897.0,1142.216,28.0,28.0,33,294,18.819941,78.424744,60.0,60.0,,Government,"1-65/5, DONKAL BUS STOP, DONKAL, NIZAMABAD, , City=DONKAL, District=NIZAMABAD, State=Telangana",DONKAL,,,North,5.614636421203613,0.0,0.0,0.0,0.0,0.0,0.0
192,NTC_0193,2025-10,2025,10,NIZAMABAD,17897.0,1142.216,28.0,28.0,33,294,18.673258,78.097458,3.0,3.0,,Government,"H NO 5-1-69 (N), NIZAMABAD, , City=NIZAMABAD, District=NIZAMABAD, State=Telangana",NIZAMABAD,,,North,13521.65234375,139.0,58.0,5.0,1.0,67.0,2.0
193,NTC_0194,2025-10,2025,10,NIZAMABAD,17897.0,1142.216,28.0,28.0,33,294,18.678927,78.077613,3.0,3.0,,Government,"HOUSE NO 12 1 10 1, AUTONAGAR, , City=BODHAN ROAD NIZAMABAD MANDAL, District=NIZAMABAD, State=Telangana",BODHAN ROAD NIZAMABAD MANDAL,,,North,8852.1962890625,9.0,0.0,0.0,0.0,2.0,0.0
194,NTC_0195,2025-10,2025,10,NIZAMABAD,17897.0,1142.216,28.0,28.0,33,294,18.68832,78.07788,3.0,3.0,,Government,"KHANAPUR, KHANAPUR, , City=NIZAMABAD, District=NIZAMABAD, State=Telangana",NIZAMABAD,,,North,2027.353271484375,1.0,0.0,0.0,0.0,0.0,0.0
195,NTC_0196,2025-10,2025,10,NIZAMABAD,17897.0,1142.216,28.0,28.0,33,294,18.838159,78.521728,60.0,60.0,,Government,"NH-63 (IKD-16),, KAMARPALLY VILLAGE & MANDAL, , City=KAMMARPALLY, District=NIZAMABAD, State=Telangana",KAMMARPALLY,,,North,977.6435546875,2.0,0.0,0.0,0.0,1.0,0.0
196,NTC_0197,2025-10,2025,10,NIZAMABAD,17897.0,1142.216,28.0,28.0,33,294,18.789897,78.287845,3.0,3.0,,Government,"S NO 431/3,, ARMOOR, , City=ARMOOR, District=NIZAMABAD, State=Telangana",ARMOOR,,,North,8205.1689453125,29.0,2.0,0.0,0.0,12.0,2.0
197,NTC_0198,2025-10,2025,10,NIZAMABAD,17897.0,1142.216,28.0,28.0,33,294,18.898126,78.351788,60.0,60.0,,Government,"S.NO.70/2A/70/3U/71/2EE/&71/6EE, NH 7, KISSAN NAGAR, , City=NIZAMABAD, District=NIZAMABAD, State=Telangana",NIZAMABAD,,,North,1444.60595703125,5.0,0.0,0.0,0.0,2.0,0.0
198,NTC_0199,2025-10,2025,10,NIZAMABAD,17897.0,1142.216,28.0,28.0,33,294,18.758172,78.283618,60.0,60.0,,Government,"SY NO 276, NH 44, #, , City=ARGUL VILLAGE, District=NIZAMABAD, State=Telangana",ARGUL VILLAGE,,,North,324.0287170410156,0.0,0.0,0.0,0.0,0.0,0.0
199,NTC_0200,2025-10,2025,10,NIZAMABAD,17897.0,1142.216,28.0,28.0,33,294,18.693031,78.095222,3.0,3.0,,Government,"SY NO 3217/AA & 3220, NIZAMABAD, , City=NIZAMABAD, District=NIZAMABAD, State=Telangana",NIZAMABAD,,,North,1990.75537109375,7.0,1.0,0.0,0.0,1.0,0.0
200,NTC_0201,2025-10,2025,10,NIZAMABAD,17897.0,1142.216,28.0,28.0,33,294,18.685831,78.122581,3.0,3.0,,Government,"SY NO 473/P1, GOOPANPALLE, , City=NIZAMABAD, District=NIZAMABAD, State=Telangana",NIZAMABAD,,,North,6031.6806640625,9.0,3.0,0.0,0.0,1.0,0.0
201,NTC_0202,2025-10,2025,10,NIZAMABAD,17897.0,1142.216,28.0,28.0,33,294,18.803727,78.314218,60.0,60.0,,Government,"SY. NO. 359/4, NH-7, NIRMAL ROAD, ARMOOR MANDAL, , City=PERKIT, District=NIZAMABAD, State=Telangana",PERKIT,,,North,1071.767578125,2.0,0.0,0.0,0.0,0.0,0.0
202,NTC_0203,2025-10,2025,10,NIZAMABAD,17897.0,1142.216,28.0,28.0,33,294,18.792387,78.270395,60.0,60.0,,Government,"SY. NO.443/1 & 443/2 ARMOOR TOWN, #, , City=ARMOOR, District=NIZAMABAD, State=Telangana",ARMOOR,,,North,5222.52783203125,8.0,0.0,0.0,0.0,0.0,0.0
203,NTC_0204,2025-10,2025,10,NIZAMABAD,17897.0,1142.216,28.0,28.0,33,294,18.587861,78.223686,30.0,30.0,,Government,"SY.NO.449/E,, DICHPALLY VILLAGE & MANDAL, , City=NIZAMABAD, District=NIZAMABAD, State=Telangana",NIZAMABAD,,,North,452.34088134765625,0.0,0.0,0.0,0.0,0.0,0.0
204,NTC_0205,2025-10,2025,10,NIZAMABAD,17897.0,1142.216,28.0,28.0,33,294,18.683821,78.114392,3.0,3.0,,Government,"NIZAMABAD TOWN, NIZAMABAD, NIZAMABAD, NIZAMABAD, Telangana",NIZAMABAD,,,North,11297.3447265625,24.0,7.0,1.0,1.0,2.0,2.0
205,NTC_0206,2025-10,2025,10,NIZAMABAD,17897.0,1142.216,28.0,28.0,33,294,18.655544,78.126747,3.0,3.0,,Government,"SY NO. 363/AA PLOT NO.7,8,9,10,23,, 24,,25,26, PANGRA(B) VILLAGE, NZB, NIZAMABAD, NIZAMABAD, Telangana",NIZAMABAD,,,North,3777.587646484375,1.0,2.0,0.0,0.0,0.0,0.0
206,NTC_0207,2025-10,2025,10,PEDDAPALLI,3468.0,244.0,6.0,6.0,33,39,18.523217,79.628825,3.3,3.3,,Government,"Kamala Filling Station ,Mutharam",Adivisomanpalli,,,North,740.720458984375,0.0,0.0,0.0,0.0,0.0,0.0
207,NTC_0208,2025-10,2025,10,PEDDAPALLI,3468.0,244.0,6.0,6.0,33,39,18.639855,79.630298,7.0,7.0,,Government,Kuchirajpalli,Peddapalli,,,North,679.7301635742188,0.0,0.0,0.0,0.0,0.0,0.0
208,NTC_0209,2025-10,2025,10,PEDDAPALLI,3468.0,244.0,6.0,6.0,33,39,18.636403,79.391024,7.4,7.4,,Government,"M/S. Jaya Durga Filling Station,Bandampalli",Peddapalli,,,North,1121.6181640625,2.0,0.0,0.0,0.0,1.0,0.0
209,NTC_0210,2025-10,2025,10,PEDDAPALLI,3468.0,244.0,6.0,6.0,33,39,18.511455,79.27759,7.4,7.4,,Government,"M/S. Mahija Petroleum Services,Katnapally",Bonthakuntapalli,,,North,2966.743408203125,0.0,0.0,0.0,0.0,0.0,0.0
210,NTC_0211,2025-10,2025,10,PEDDAPALLI,3468.0,244.0,6.0,6.0,33,39,18.63835,79.42228,3.3,3.3,,Government,"M/S. Sri Mallikarjuna Fuel Station ,Raghavapur",Peddapalli,,,North,563.8411254882812,2.0,0.0,0.0,0.0,0.0,0.0
211,NTC_0212,2025-10,2025,10,PEDDAPALLI,3468.0,244.0,6.0,6.0,33,39,18.664832,79.167045,7.4,7.4,,Government,"M/S. Swathi Filling Station,Mallapur",Bommareddypalli,,,North,304.4244384765625,0.0,0.0,0.0,0.0,0.0,0.0
212,NTC_0213,2025-10,2025,10,PEDDAPALLI,3468.0,244.0,6.0,6.0,33,39,18.762023,79.479682,7.4,7.4,,Government,"M/S. Venkat Sri Nidhi Fuel Point,Medipalli",Peddapalli,,,North,10394.861328125,24.0,5.0,1.0,1.0,5.0,6.0
213,NTC_0214,2025-10,2025,10,PEDDAPALLI,3468.0,244.0,6.0,6.0,33,39,18.702036,79.505968,7.4,7.4,,Government,Indian Oil Dealer Sy.No. 34/1/A1 Penchikalpet Village,Peddapalli,,,North,583.8035278320312,0.0,0.0,0.0,0.0,0.0,0.0
214,NTC_0215,2025-10,2025,10,PEDDAPALLI,3468.0,244.0,6.0,6.0,33,39,18.694174,79.292562,7.4,7.4,,Government,Indian Oil Dealer Sy.No.385/A Dongathurthy Village,Peddapalli,,,North,1802.96826171875,5.0,0.0,0.0,0.0,0.0,1.0
215,NTC_0216,2025-10,2025,10,PEDDAPALLI,3468.0,244.0,6.0,6.0,33,39,18.54934,79.470255,3.3,3.3,,Government,Indian Oil Dealer Sy.No.778/E Vennampalli Village,Peddapalli,,,North,213.27947998046875,0.0,0.0,0.0,0.0,0.0,0.0
216,NTC_0217,2025-10,2025,10,PEDDAPALLI,3468.0,244.0,6.0,6.0,33,39,18.709385,79.192209,7.4,7.4,,Government,Indian Oil Dealer Sy.No.97/2/7 Bommareddipalli Village,Peddapalli,,,North,545.7626342773438,0.0,0.0,0.0,0.0,0.0,0.0
217,NTC_0218,2025-10,2025,10,PEDDAPALLI,3468.0,244.0,6.0,6.0,33,39,18.753528,79.327345,3.3,3.3,,Government,Sy.No.338/1/1 Putnoor Village Indian Oil Dealer Palakurthy Mandal Peddapalli Dist,Peddapalli,,,North,23.35807609558105,0.0,0.0,0.0,0.0,0.0,0.0
218,NTC_0219,2025-10,2025,10,PEDDAPALLI,3468.0,244.0,6.0,6.0,33,39,18.570608,79.587661,3.3,3.3,,Government,Sy.No.77/3 Matchupeta Indian Oil Dealer Matchupeta Village,Peddapalli,,,North,133.29563903808594,1.0,0.0,0.0,0.0,0.0,0.0
219,NTC_0220,2025-10,2025,10,PEDDAPALLI,3468.0,244.0,6.0,6.0,33,39,18.613536,79.391945,7.4,7.4,,Private,"Bus Stand, Near, Pdpl Railway Station Rd, Kazipet, Pedapally, Telangana 505172",Peddapalli,,,North,824.5640258789062,13.0,0.0,0.0,1.0,3.0,1.0
220,NTC_0221,2025-10,2025,10,PEDDAPALLI,3468.0,244.0,6.0,6.0,33,39,18.678064,79.407363,30.0,30.0,,Private,"Iocl - Onkar Roadlines Fp, Andagullapally,, Andugulapally, Karimnagar Dist. Telangana, 505172",Peddapalli,,,North,248.88400268554688,0.0,0.0,0.0,0.0,0.0,0.0
221,NTC_0222,2025-10,2025,10,PEDDAPALLI,3468.0,244.0,6.0,6.0,33,39,18.645195,79.668585,30.0,30.0,,Private,"Iocl - Sri Ramakrishna Fs, Manthani, Peddapalli, Manthani, Peddapalli Area, Karimnagar Telangana - 505184",Peddapalli,,,North,2843.6669921875,17.0,1.0,0.0,0.0,7.0,0.0
222,NTC_0223,2025-10,2025,10,PEDDAPALLI,3468.0,244.0,6.0,6.0,33,39,18.588657,79.372444,60.0,60.0,,Government,"BHARAT PETROLEUM DEALERS, KUNDANAPALLI VILLAGE, RAMAGUNDAM MANDAL, , City=RAMAGUNDAM, District=PEDDAPALLI, State=Telangana",RAMAGUNDAM,,,North,1714.6441650390625,3.0,0.0,0.0,2.0,0.0,0.0
223,NTC_0224,2025-10,2025,10,PEDDAPALLI,3468.0,244.0,6.0,6.0,33,39,18.752916,79.191478,60.0,60.0,,Government,"DHARMARAM TO RAYPATNAM ROAD, DHAARMARAM VILLAGE, , City=DHARMARAM, District=PEDDAPALLI, State=Telangana",DHARMARAM,,,North,730.3018188476562,0.0,0.0,0.0,0.0,0.0,0.0
224,NTC_0225,2025-10,2025,10,PEDDAPALLI,3468.0,244.0,6.0,6.0,33,39,18.741148,79.571582,3.0,3.0,,Government,"MANCHERIAL ROAD,, GANDHINAGAR, , City=GODAVARIKHANI, District=PEDDAPALLI, State=Telangana",GODAVARIKHANI,,,North,732.259033203125,3.0,0.0,0.0,0.0,0.0,0.0
225,NTC_0226,2025-10,2025,10,PEDDAPALLI,3468.0,244.0,6.0,6.0,33,39,18.639321,79.426865,3.0,3.0,,Government,"PEDDAPALLI TO MANTHANI ROAD, RAGHAVAPUR, , City=PEDDAPALLI, District=PEDDAPALLI, State=Telangana",PEDDAPALLI,,,North,930.70654296875,0.0,0.0,0.0,0.0,0.0,0.0
226,NTC_0227,2025-10,2025,10,PEDDAPALLI,3468.0,244.0,6.0,6.0,33,39,18.593088,79.375122,3.0,3.0,,Government,"RANGAMPALLY (V), PEDDAPALLY, , City=PEDDAPALLI, District=PEDDAPALLI, State=Telangana",PEDDAPALLI,,,North,4681.36083984375,4.0,0.0,0.0,2.0,0.0,0.0
227,NTC_0228,2025-10,2025,10,PEDDAPALLI,3468.0,244.0,6.0,6.0,33,39,18.642248,79.660791,3.0,3.0,,Government,"SY NO 897A 896D MANTHANI TOWN, MANTHANI TO PEDDAPALLI ROAD, , City=MANTHANI, District=PEDDAPALLI, State=Telangana",MANTHANI,,,North,3950.331298828125,12.0,0.0,0.0,0.0,3.0,0.0
228,NTC_0229,2025-10,2025,10,PEDDAPALLI,3468.0,244.0,6.0,6.0,33,39,18.521258,79.304122,60.0,60.0,,Government,"SY NO. 297, POOSALA VILLAGE, RAJEEV RAHADARI, SULTANABAD, , City=SULTANABAD, District=PEDDAPALLI, State=Telangana",SULTANABAD,,,North,2913.56201171875,3.0,0.0,0.0,0.0,0.0,2.0
229,NTC_0230,2025-10,2025,10,PEDDAPALLI,3468.0,244.0,6.0,6.0,33,39,18.772973,79.512656,3.0,3.0,,Government,"SY NO.801 & 802 JANGOAM (V), RAMAGUNDAM (M),RAJIV RAHADARI, , City=GODAVARIKHANI, District=PEDDAPALLI, State=Telangana",GODAVARIKHANI,,,North,8170.62451171875,4.0,0.0,0.0,1.0,0.0,0.0
230,NTC_0231,2025-10,2025,10,WARANGAL,2242.0,236.0,5.0,5.0,33,119,17.962523,79.63911,3.3,3.3,,Private,"Xj6Q+Xhq, K Street, Gorrekunta Village, Sthambampally, Telangana 506013",Warangal,,,North,4220.072265625,2.0,0.0,0.0,0.0,0.0,0.0
231,NTC_0232,2025-10,2025,10,WARANGAL,2242.0,236.0,5.0,5.0,33,119,17.989836,79.532757,3.3,3.3,,Private,"No 1-1-506 And 1-1506/1 Nit New, Rec Old, Waddepally Village, Hanumakonda ""Warangal Urban, Telangana- 506002""",Warangal,,,North,10177.302734375,50.0,10.0,2.0,2.0,1.0,3.0
232,NTC_0233,2025-10,2025,10,WARANGAL,2242.0,236.0,5.0,5.0,33,119,17.989836,79.532757,3.3,3.3,,Private,"No 1-1-506 And 1-1506/1 Nit New, Rec Old, Waddepally Village, Hanumakonda ""Warangal Urban, Telangana- 506002""",Warangal,,,North,10177.302734375,50.0,10.0,2.0,2.0,1.0,3.0
233,NTC_0234,2025-10,2025,10,WARANGAL,2242.0,236.0,5.0,5.0,33,119,17.999565,79.549861,3.3,3.3,,Private,"Xgxx+Rw4, Nakkala Gutta, Hanamkonda, Telangana 506001",Warangal,,,North,11613.1630859375,75.0,33.0,5.0,4.0,17.0,9.0
234,NTC_0235,2025-10,2025,10,WARANGAL,2242.0,236.0,5.0,5.0,33,119,18.211198,79.386254,3.3,3.3,,Private,"Karimnagar Rd, Huzurabad, Telangana 505468",Warangal,,,North,2411.087158203125,5.0,0.0,0.0,0.0,1.0,0.0
235,NTC_0236,2025-10,2025,10,WARANGAL,2242.0,236.0,5.0,5.0,33,119,17.99099,79.591256,7.4,7.4,,Government,"Adhoc Sri Padmavathi Filling Station,Warangal Municipality",Warangal,,,North,3445.861083984375,97.0,19.0,2.0,4.0,19.0,9.0
236,NTC_0237,2025-10,2025,10,WARANGAL,2242.0,236.0,5.0,5.0,33,119,17.50642,79.879307,7.4,7.4,,Government,Kalyani Petro Delaers Satyanaryanapuram,Chengapur,,,North,1946.1181640625,5.0,0.0,0.0,0.0,0.0,0.0
237,NTC_0238,2025-10,2025,10,WARANGAL,2242.0,236.0,5.0,5.0,33,119,17.968966,79.592785,7.4,7.4,,Government,"M/S. Aadhya Filling Station,Kareemabad",Warangal,,,North,13172.630859375,44.0,6.0,1.0,1.0,6.0,0.0
238,NTC_0239,2025-10,2025,10,WARANGAL,2242.0,236.0,5.0,5.0,33,119,17.974561,79.598035,7.4,7.4,,Government,"M/S. Abss Fuels Service Station,Medariwada, Warangal",Beat Bazar,,,North,13172.630859375,92.0,21.0,7.0,3.0,17.0,1.0
239,NTC_0240,2025-10,2025,10,WARANGAL,2242.0,236.0,5.0,5.0,33,119,17.996241,79.568597,7.4,7.4,,Government,"M/S. Adhoc Saritha Quality Fuels,Hanamkonda",Hanamkonda,,,North,4189.341796875,91.0,8.0,3.0,0.0,55.0,6.0
240,NTC_0241,2025-10,2025,10,WARANGAL,2242.0,236.0,5.0,5.0,33,119,18.157739,80.62273,3.3,3.3,,Government,"M/S. Girijan Filling Station,Rajupeta",Warangal,,,North,247.1665802001953,0.0,2.0,0.0,0.0,0.0,0.0
241,NTC_0242,2025-10,2025,10,WARANGAL,2242.0,236.0,5.0,5.0,33,119,17.905683,79.634023,7.4,7.4,,Government,"M/S. Sai Krishna Fill N Fly,Gadepalli, Warangal",Chintalapalli,,,North,440.51171875,1.0,0.0,0.0,0.0,0.0,0.0
242,NTC_0243,2025-10,2025,10,WARANGAL,2242.0,236.0,5.0,5.0,33,119,17.50642,79.879307,3.3,3.3,,Government,"M/S. Teja Filling Station,Chinnagudur",Chengapur,,,North,1946.1181640625,5.0,0.0,0.0,0.0,0.0,0.0
243,NTC_0244,2025-10,2025,10,WARANGAL,2242.0,236.0,5.0,5.0,33,119,17.920269,79.596462,30.0,30.0,,Government,Mamnoor,Warangal,,,North,1430.5430908203125,1.0,0.0,0.0,0.0,0.0,0.0
244,NTC_0245,2025-10,2025,10,WARANGAL,2242.0,236.0,5.0,5.0,33,119,17.893093,79.937968,7.4,7.4,,Government,"Om Sai Filling Station,Khanapur Budharaopet",Chennaraopet,,,North,400.6933288574219,1.0,0.0,0.0,0.0,0.0,0.0
245,NTC_0246,2025-10,2025,10,WARANGAL,2242.0,236.0,5.0,5.0,33,119,17.934005,79.857523,3.3,3.3,,Government,"Sheelam Rukkamma Filling Station,Maheswaram",Gurijala,,,North,694.5509643554688,11.0,5.0,0.0,0.0,0.0,2.0
246,NTC_0247,2025-10,2025,10,WARANGAL,2242.0,236.0,5.0,5.0,33,119,17.96182,79.55865,7.4,7.4,,Government,Indian Oil Dealer Battupally Villa Sy.No.110/A 125/A1 Bhattupally Village,Warangal,,,North,539.1837768554688,1.0,0.0,0.0,0.0,0.0,1.0
247,NTC_0248,2025-10,2025,10,WARANGAL,2242.0,236.0,5.0,5.0,33,119,18.095792,79.804294,3.3,3.3,,Government,Indian Oil Dealer Katakshapur Vill Sy.No.144/A/3/1 Atmakur Mandal Warangal District,Warangal Rural,,,North,390.0247192382813,1.0,0.0,0.0,0.0,0.0,0.0
248,NTC_0249,2025-10,2025,10,WARANGAL,2242.0,236.0,5.0,5.0,33,119,18.255181,79.690383,3.3,3.3,,Government,Indian Oil Dealer Lakshmipuram Vil Sy. No.162/A/166 Lakshmipuram Village,Warangal Rural,,,North,62.63303756713867,0.0,0.0,0.0,0.0,0.0,0.0
249,NTC_0250,2025-10,2025,10,WARANGAL,2242.0,236.0,5.0,5.0,33,119,17.759238,79.581693,3.3,3.3,,Government,Indian Oil Dealer Sy. No.460/B Wardhannapet (V&M) Warangal Telangana,Warangal,,,North,593.6616821289062,0.0,0.0,0.0,0.0,0.0,0.0
250,NTC_0251,2025-10,2025,10,WARANGAL,2242.0,236.0,5.0,5.0,33,119,17.783278,79.53764,3.3,3.3,,Government,Indian Oil Dealer Sy.No. 107/C/1/2 Bandauthapur Village,Warangal,,,North,246.11956787109372,1.0,0.0,0.0,0.0,0.0,0.0
251,NTC_0252,2025-10,2025,10,WARANGAL,2242.0,236.0,5.0,5.0,33,119,18.007518,79.755007,3.3,3.3,,Government,Indian Oil Dealer Sy.No.189/B/1 Elukurthy Village,Warangal Rural,,,North,118.59385681152344,0.0,0.0,0.0,0.0,0.0,0.0
252,NTC_0253,2025-10,2025,10,WARANGAL,2242.0,236.0,5.0,5.0,33,119,17.674667,79.695636,3.3,3.3,,Government,Indian Oil Dealer Sy.No.397/1 Annaram Shareef Village,Warangal Rural,,,North,770.7689208984375,0.0,0.0,0.0,0.0,0.0,0.0
253,NTC_0254,2025-10,2025,10,WARANGAL,2242.0,236.0,5.0,5.0,33,119,18.032301,79.628003,3.3,3.3,,Government,Indian Oil Dealer Sy.No.605 Arepa Arepally Paidipally Gp Village Warangal Mandal Warangal Urban Dis,Warangal,,,North,355.3331604003906,1.0,0.0,0.0,0.0,1.0,0.0
254,NTC_0255,2025-10,2025,10,WARANGAL,2242.0,236.0,5.0,5.0,33,119,18.09586,79.558462,3.3,3.3,,Government,Indian Oil Dealer Sy.No.744/E/2/1/A 743/A/2/1/B &743/A/3/Aa Ambala Village,Warangal Rural,,,North,1018.6228637695312,0.0,0.0,0.0,0.0,0.0,0.0
255,NTC_0256,2025-10,2025,10,WARANGAL,2242.0,236.0,5.0,5.0,33,119,17.926077,79.596244,7.4,7.4,,Government,Indian Oil Dealers G-5-2 Khammam Highway Road Mamanur Andhra Pradesh Lock No.-130/D1/276,Warangal,,,North,2156.939697265625,1.0,0.0,0.0,0.0,0.0,0.0
256,NTC_0257,2025-10,2025,10,WARANGAL,2242.0,236.0,5.0,5.0,33,119,18.176417,79.533456,7.4,7.4,,Government,Survey No.896 Kamalapur Uppal Karimnagarlock No D1-253 A-5-1 Andhra Pradesh,Warangal,,,North,1876.51318359375,6.0,0.0,0.0,0.0,3.0,0.0
257,NTC_0258,2025-10,2025,10,WARANGAL,2242.0,236.0,5.0,5.0,33,119,17.444583,80.152666,7.4,7.4,,Private,"Dornakal Railway Station,C5V3+R22,Dornakal, Telangana",Ammapalem,,,North,5180.1787109375,21.0,1.0,0.0,0.0,2.0,2.0
258,NTC_0259,2025-10,2025,10,WARANGAL,2242.0,236.0,5.0,5.0,33,119,17.975183,79.510357,7.4,7.4,,Private,"Kazipet Railway Station, Rahamatnagar, Warangal",Bapujinagar,,,North,10305.869140625,26.0,7.0,0.0,0.0,7.0,1.0
259,NTC_0260,2025-10,2025,10,WARANGAL,2242.0,236.0,5.0,5.0,33,119,17.99991,79.556176,7.4,7.4,,Private,"Nakkalagutta, Hanamkonda , Warangal, Telangana- 506002",Warangal,,,North,13017.1708984375,96.0,33.0,8.0,4.0,31.0,10.0
260,NTC_0261,2025-10,2025,10,WARANGAL,2242.0,236.0,5.0,5.0,33,119,17.99991,79.556176,30.0,30.0,,Private,"Nakkalagutta, Hanamkonda , Warangal, Telangana- 506002",Warangal,,,North,13017.1708984375,96.0,33.0,8.0,4.0,31.0,10.0
261,NTC_0262,2025-10,2025,10,WARANGAL,2242.0,236.0,5.0,5.0,33,119,17.724278,79.151783,7.4,7.4,,Private,"Near Railway Station, Jangaon, Telangana 506167",Jangaon,,,North,9286.6181640625,37.0,4.0,1.0,0.0,5.0,1.0
262,NTC_0263,2025-10,2025,10,WARANGAL,2242.0,236.0,5.0,5.0,33,119,17.973973,79.605233,7.4,7.4,,Private,"Warangal Railway Station, Girmajipet, Warangal, Telangana 506002",Warangal,,,North,13238.978515625,94.0,21.0,10.0,4.0,13.0,1.0
263,NTC_0264,2025-10,2025,10,WARANGAL,2242.0,236.0,5.0,5.0,33,119,17.980505,79.579956,30.0,30.0,,Private,"Iocl - Adhoc Ap Prison, (Hunter Road Fs), Xhjh+6X2, Ramannapet, Warangal, Telangana 506002",Warangal,,,North,6242.728515625,6.0,4.0,0.0,2.0,0.0,1.0
264,NTC_0265,2025-10,2025,10,WARANGAL,2242.0,236.0,5.0,5.0,33,119,17.994033,79.591653,25.0,25.0,,Private,"Iocl - Ap Prisons Department,, Sy No 32, Mattewada, Warangal Urban, Telangana 506001",Warangal,,,North,10479.0234375,91.0,12.0,3.0,4.0,18.0,12.0
265,NTC_0266,2025-10,2025,10,WARANGAL,2242.0,236.0,5.0,5.0,33,119,18.087979,79.492938,30.0,30.0,,Private,"Iocl - Balaji Fs, Yellapur, Warangal-Karimnagar, Highway, Yellapur, Telangana 506371","Yellapur,Tl",,,North,1067.048095703125,3.0,0.0,0.0,0.0,0.0,0.0
266,NTC_0267,2025-10,2025,10,WARANGAL,2242.0,236.0,5.0,5.0,33,119,17.985489,79.573782,30.0,30.0,,Private,"Iocl - Orugallu Fs, Hunter Rd, Shyampet, Hanamkonda, Telangana 506001",Warangal,,,North,7330.4541015625,6.0,5.0,0.0,2.0,0.0,1.0
267,NTC_0268,2025-10,2025,10,WARANGAL,2242.0,236.0,5.0,5.0,33,119,18.39744,78.122548,25.0,25.0,,Private,"Iocl - Shiva Sai Fp, Hanamkonda, Sy No 560, Waddepally, Hanamkonda, Waranagal Urban Dist Telangana - 506370",Warangal,,,North,3384.73876953125,18.0,2.0,1.0,2.0,1.0,0.0
268,NTC_0269,2025-10,2025,10,WARANGAL,2242.0,236.0,5.0,5.0,33,119,18.198788,79.698056,30.0,30.0,,Private,"Iocl - Vishwambhara Fs, Sy No 653/D, Parkal V&M, Warangal Urban District, Telangana 506162",Parkal,,,North,3924.181884765625,26.0,1.0,1.0,1.0,10.0,0.0
269,NTC_0270,2025-10,2025,10,WARANGAL,2242.0,236.0,5.0,5.0,33,119,18.013301,79.675042,30.0,30.0,,Private,"Iocl - Yadadri Fs, Sy No 254/A/2, Mustyalapalle, Damera, Warangal Rural Dist, Telangana 506006",Oglapur,,,North,99.92567443847656,0.0,0.0,0.0,0.0,0.0,0.0
270,NTC_0271,2025-10,2025,10,WARANGAL,2242.0,236.0,5.0,5.0,33,119,17.999273,79.585443,25.0,25.0,,Private,"Select Cars, Svp Road, No. 15 - 1 - 315 Shri Vishnu Priya Complex Svp Road (Nh163) Beside Rama Krishna Theatre, Telangana 506007",Warangal,,,North,10479.0234375,44.0,5.0,4.0,5.0,11.0,8.0
438,CHG_0004,2025-10,2025,10,HYDERABAD,19344.0,536.0,18.0,18.0,25,275,17.34763,78.475395,3.3,3.3,1.0,Private,,,Ather,LEV DC Charge Point (IS-17017-2-7),South,4857.63720703125,50.0,12.0,1.0,4.0,3.0,1.0
517,CHG_0005,2025-10,2025,10,HYDERABAD,19344.0,536.0,18.0,18.0,17,275,17.360278,78.504702,3.3,3.3,1.0,Private,,,Ather,LEV DC Charge Point (IS-17017-2-7),South,1315.3626708984375,4.0,0.0,0.0,0.0,2.0,0.0
271,CHG_0008,2025-10,2025,10,HYDERABAD,92107.0,1303.0,27.0,27.0,33,275,17.391683,78.476672,3.3,3.3,1.0,Private,,,Ather,LEV DC Charge Point (IS-17017-2-7),South,15031.9033203125,123.0,39.0,17.0,7.0,24.0,13.0
556,CHG_0010,2025-10,2025,10,HYDERABAD,92107.0,1303.0,27.0,27.0,12,275,17.400595,78.508078,3.3,3.3,1.0,Private,,,Ather,LEV DC Charge Point (IS-17017-2-7),South,13713.1376953125,42.0,15.0,7.0,5.0,8.0,3.0
862,CHG_0011,2025-10,2025,10,HYDERABAD,117059.0,1304.0,32.0,28.0,2,275,17.404026,78.465186,3.3,3.3,1.0,Private,,,Ather,LEV DC Charge Point (IS-17017-2-7),South,8035.7421875,45.0,17.0,1.0,2.0,6.0,3.0
863,CHG_0015,2025-10,2025,10,HYDERABAD,97164.0,1564.0,40.0,38.0,2,275,17.419149,78.499954,3.3,3.3,1.0,Private,,,Ather,LEV DC Charge Point (IS-17017-2-7),South,13528.927734375,74.0,45.0,6.0,3.0,15.0,3.0
864,CHG_0016,2025-10,2025,10,HYDERABAD,117059.0,1304.0,32.0,28.0,2,275,17.427019,78.443419,3.3,3.3,1.0,Private,,,Ather,LEV DC Charge Point (IS-17017-2-7),South,13528.927734375,74.0,45.0,6.0,3.0,15.0,3.0
866,CHG_0017,2025-10,2025,10,HYDERABAD,117059.0,1304.0,32.0,28.0,2,275,17.428495,78.455579,3.3,3.3,1.0,Private,,,Ather,LEV DC Charge Point (IS-17017-2-7),South,10009.2509765625,35.0,14.0,1.0,0.0,5.0,4.0
865,CHG_0018,2025-10,2025,10,HYDERABAD,117059.0,1304.0,32.0,28.0,2,275,17.428495,78.455579,3.3,3.3,1.0,Private,,,Ather,LEV DC Charge Point (IS-17017-2-7),South,10009.2509765625,35.0,14.0,1.0,0.0,5.0,4.0
632,CHG_0019,2025-10,2025,10,HYDERABAD,97164.0,1564.0,40.0,38.0,8,275,17.428515,78.488866,3.3,3.3,1.0,Private,,,Ather,LEV DC Charge Point (IS-17017-2-7),South,1758.780029296875,0.0,0.0,0.0,0.0,0.0,0.0
631,CHG_0020,2025-10,2025,10,HYDERABAD,97164.0,1564.0,40.0,38.0,8,275,17.428515,78.488866,3.3,3.3,1.0,Private,,,Ather,LEV DC Charge Point (IS-17017-2-7),South,555.8963623046875,0.0,0.0,0.0,0.0,0.0,0.0
753,CHG_0021,2025-10,2025,10,HYDERABAD,234276.0,2264.0,54.0,53.0,5,275,17.42979,78.412445,3.3,3.3,1.0,Private,,,Ather,LEV DC Charge Point (IS-17017-2-7),South,1478.98681640625,1.0,0.0,0.0,1.0,0.0,0.0
630,CHG_0022,2025-10,2025,10,HYDERABAD,234276.0,2264.0,54.0,53.0,8,275,17.43065,78.402004,3.3,3.3,1.0,Private,,,Ather,LEV DC Charge Point (IS-17017-2-7),South,384.3985900878906,0.0,0.0,0.0,0.0,0.0,0.0
752,CHG_0024,2025-10,2025,10,HYDERABAD,97164.0,1564.0,40.0,38.0,5,275,17.443546,78.479827,3.3,3.3,1.0,Private,,,Ather,LEV DC Charge Point (IS-17017-2-7),South,562.2464599609375,3.0,0.0,0.0,2.0,0.0,0.0
453,CHG_0042,2025-10,2025,10,HYDERABAD,19344.0,536.0,18.0,18.0,24,275,17.377715,78.471147,50.0,50,2.0,Private,,,Fortum,Combo (CCS-II+CHAdeMO),South,12094.7099609375,55.0,44.0,1.0,1.0,9.0,7.0
495,CHG_0043,2025-10,2025,10,HYDERABAD,19344.0,536.0,18.0,18.0,20,275,17.377715,78.471147,15.0,15,1.0,Private,,,Fortum,Bharat DC-001,South,12527.927734375,40.0,7.0,0.0,9.0,7.0,0.0
597,CHG_0044,2025-10,2025,10,HYDERABAD,92107.0,1303.0,27.0,27.0,9,275,17.402168,78.509141,15.0,15,1.0,Private,,,Fortum,Bharat DC-001,South,1306.392822265625,1.0,0.0,0.0,0.0,0.0,0.0
596,CHG_0045,2025-10,2025,10,HYDERABAD,92107.0,1303.0,27.0,27.0,9,275,17.402168,78.509141,50.0,50,2.0,Private,,,Fortum,Combo (CCS-II+CHAdeMO),South,9343.1689453125,59.0,50.0,2.0,5.0,11.0,2.0
859,CHG_0048,2025-10,2025,10,HYDERABAD,117059.0,1304.0,32.0,28.0,2,275,17.436905,78.457036,50.0,50,2.0,Private,,,Fortum,Combo (CCS-II+CHAdeMO),South,7706.11962890625,40.0,16.0,4.0,1.0,8.0,0.0
854,CHG_0049,2025-10,2025,10,HYDERABAD,117059.0,1304.0,32.0,28.0,2,275,17.436905,78.457036,15.0,15,1.0,Private,,,Fortum,Bharat DC-001,South,12900.1357421875,92.0,20.0,5.0,3.0,15.0,7.0
855,CHG_0050,2025-10,2025,10,HYDERABAD,117059.0,1304.0,32.0,28.0,2,275,17.424274,78.430237,15.0,15,1.0,Private,,,Fortum,Bharat DC-001,South,12900.1357421875,92.0,20.0,5.0,3.0,15.0,7.0
856,CHG_0051,2025-10,2025,10,HYDERABAD,117059.0,1304.0,32.0,28.0,2,275,17.424274,78.430237,50.0,50,2.0,Private,,,Fortum,Combo (CCS-II+CHAdeMO),South,12900.1357421875,92.0,20.0,5.0,3.0,15.0,7.0
857,CHG_0052,2025-10,2025,10,HYDERABAD,117059.0,1304.0,32.0,28.0,2,275,17.43522,78.427565,50.0,50,2.0,Private,,,Fortum,Combo (CCS-II+CHAdeMO),South,12900.1357421875,92.0,20.0,5.0,3.0,15.0,7.0
858,CHG_0053,2025-10,2025,10,HYDERABAD,117059.0,1304.0,32.0,28.0,2,275,17.43522,78.427565,15.0,15,1.0,Private,,,Fortum,Bharat DC-001,South,10484.015625,111.0,53.0,14.0,4.0,19.0,7.0
751,CHG_0066,2025-10,2025,10,HYDERABAD,117059.0,1304.0,32.0,28.0,5,275,17.423539,78.458942,50.0,50,2.0,Private,,,Fortum,Combo (CCS-II+CHAdeMO),South,5579.92529296875,13.0,3.0,0.0,1.0,0.0,1.0
750,CHG_0067,2025-10,2025,10,HYDERABAD,117059.0,1304.0,32.0,28.0,5,275,17.423539,78.458942,15.0,15,1.0,Private,,,Fortum,Bharat DC-001,South,4908.35498046875,3.0,1.0,0.0,1.0,0.0,1.0
320,CHG_0072,2025-10,2025,10,HYDERABAD,91660.0,2672.0,65.0,64.0,33,275,17.428476,78.52774,50.0,50,2.0,Private,,,Fortum,Combo (CCS-II+CHAdeMO),South,10948.09375,58.0,13.0,2.0,5.0,13.0,10.0
321,CHG_0073,2025-10,2025,10,HYDERABAD,91660.0,2672.0,65.0,64.0,33,275,17.428476,78.52774,15.0,15,1.0,Private,,,Fortum,Bharat DC-001,South,10948.09375,58.0,13.0,2.0,5.0,13.0,10.0
860,CHG_0082,2025-10,2025,10,HYDERABAD,117059.0,1304.0,32.0,28.0,2,275,17.423924,78.430328,30.0,30,1.0,Private,,,Fortum,CCS-II,South,11134.166015625,70.0,22.0,4.0,3.0,9.0,2.0
861,CHG_0093,2025-10,2025,10,HYDERABAD,234276.0,2264.0,54.0,53.0,2,275,17.425592,78.414458,15.0,15,1.0,Private,,,Fortum,Bharat DC-001,South,8035.7421875,45.0,17.0,1.0,2.0,6.0,3.0
912,CHG_0094,2025-10,2025,10,HYDERABAD,234276.0,2264.0,54.0,53.0,1,275,17.425592,78.414458,50.0,50,2.0,Private,,,Fortum,Combo (CCS-II+CHAdeMO),South,873.411865234375,2.0,0.0,0.0,1.0,0.0,0.0
562,CHG_0095,2025-10,2025,10,HYDERABAD,234276.0,2264.0,54.0,53.0,11,275,17.435968,78.40003,15.0,15,1.0,Private,,,Fortum,Bharat DC-001,South,13394.7255859375,63.0,21.0,2.0,2.0,11.0,5.0
302,CHG_0096,2025-10,2025,10,HYDERABAD,97164.0,1564.0,40.0,38.0,33,275,17.44329,78.49527,20.0,20,1.0,Private,,,Fortum,Bharat DC-001,South,1354.7952880859375,1.0,0.0,0.0,1.0,0.0,0.0
629,CHG_0097,2025-10,2025,10,HYDERABAD,117059.0,1304.0,32.0,28.0,8,275,17.423312,78.458954,50.0,50,2.0,Private,,,Fortum,Combo (CCS-II+CHAdeMO),South,24.16261482238769,1.0,0.0,0.0,0.0,1.0,0.0
657,CHG_0098,2025-10,2025,10,HYDERABAD,117059.0,1304.0,32.0,28.0,7,275,17.423312,78.458954,15.0,15,1.0,Private,,,Fortum,Bharat DC-001,South,67.5644302368164,0.0,0.0,0.0,0.0,0.0,0.0
628,CHG_0099,2025-10,2025,10,HYDERABAD,92107.0,1303.0,27.0,27.0,8,275,17.402246,78.509387,15.0,15,1.0,Private,,,Fortum,Bharat DC-001,South,1554.941162109375,2.0,0.0,0.0,0.0,0.0,0.0
627,CHG_0100,2025-10,2025,10,HYDERABAD,92107.0,1303.0,27.0,27.0,8,275,17.402246,78.509387,15.0,15,1.0,Private,,,Fortum,Bharat DC-001,South,176.8388214111328,1.0,0.0,0.0,0.0,0.0,0.0
454,CHG_0103,2025-10,2025,10,HYDERABAD,92107.0,1303.0,27.0,27.0,24,275,17.377764,78.471327,50.0,50,2.0,Private,,,Fortum,Combo (CCS-II+CHAdeMO),South,12826.4375,57.0,17.0,2.0,5.0,4.0,2.0
468,CHG_0104,2025-10,2025,10,HYDERABAD,92107.0,1303.0,27.0,27.0,23,275,17.377764,78.471327,15.0,15,1.0,Private,,,Fortum,Bharat DC-001,South,4857.63720703125,54.0,14.0,2.0,4.0,4.0,1.0
572,CHG_0105,2025-10,2025,10,HYDERABAD,234276.0,2264.0,54.0,53.0,10,275,17.43598,78.40002,50.0,50,2.0,Private,,,Fortum,Combo (CCS-II+CHAdeMO),South,569.677490234375,2.0,0.0,0.0,0.0,0.0,0.0
408,CHG_0116,2025-10,2025,10,HYDERABAD,19344.0,536.0,18.0,18.0,28,275,17.367907,78.468794,7.0,7,1.0,Government,,,HPCL,Type-II AC,South,111.86422729492188,2.0,0.0,0.0,2.0,0.0,0.0
315,CHG_0125,2025-10,2025,10,HYDERABAD,97164.0,1564.0,40.0,38.0,33,275,17.44329,78.49527,15.0,15,1.0,Government,,,Hyderabad Metro Corporation Ltd.,Bharat DC-001,South,13703.13671875,127.0,84.0,20.0,4.0,29.0,12.0
532,CHG_0126,2025-10,2025,10,HYDERABAD,19344.0,536.0,18.0,18.0,15,275,17.3594,78.4444,60.0,60,1.0,Government,,,IOCL,CCS-II,South,4275.7724609375,14.0,1.0,0.0,2.0,1.0,4.0
555,CHG_0127,2025-10,2025,10,HYDERABAD,19344.0,536.0,18.0,18.0,12,275,17.3594,78.4444,60.0,60,1.0,Government,,,IOCL,CCS-II,South,10309.4794921875,102.0,16.0,15.0,4.0,7.0,1.0
311,CHG_0130,2025-10,2025,10,HYDERABAD,92107.0,1303.0,27.0,27.0,33,275,17.3985,78.4936,60.0,60,1.0,Government,,,IOCL,CCS-II,South,11688.8369140625,13.0,2.0,0.0,3.0,5.0,2.0
397,CHG_0131,2025-10,2025,10,HYDERABAD,92107.0,1303.0,27.0,27.0,29,275,17.3985,78.4936,60.0,60,1.0,Government,,,IOCL,CCS-II,South,9267.7998046875,16.0,9.0,2.0,0.0,1.0,3.0
704,CHG_0132,2025-10,2025,10,HYDERABAD,97164.0,1564.0,40.0,38.0,6,275,17.4244,78.4917,60.0,60,1.0,Government,,,IOCL,CCS-II,South,11104.9150390625,11.0,0.0,0.0,2.0,1.0,1.0
703,CHG_0133,2025-10,2025,10,HYDERABAD,97164.0,1564.0,40.0,38.0,6,275,17.4244,78.4917,60.0,60,1.0,Government,,,IOCL,CCS-II,South,2774.438720703125,2.0,0.0,0.0,1.0,0.0,0.0
322,CHG_0134,2025-10,2025,10,HYDERABAD,97164.0,1564.0,40.0,38.0,33,275,17.4379,78.4941,60.0,60,1.0,Government,,,IOCL,CCS-II,South,13478.4072265625,164.0,53.0,12.0,9.0,24.0,13.0
325,CHG_0135,2025-10,2025,10,HYDERABAD,97164.0,1564.0,40.0,38.0,33,275,17.4379,78.4941,60.0,60,1.0,Government,,,IOCL,CCS-II,South,12592.75390625,147.0,30.0,9.0,6.0,25.0,11.0
326,CHG_0136,2025-10,2025,10,HYDERABAD,97164.0,1564.0,40.0,38.0,33,275,17.44116,78.50442,60.0,60,1.0,Government,,,IOCL,CCS-II,South,12592.75390625,147.0,30.0,9.0,6.0,25.0,11.0
327,CHG_0137,2025-10,2025,10,HYDERABAD,97164.0,1564.0,40.0,38.0,33,275,17.44116,78.50442,60.0,60,1.0,Government,,,IOCL,CCS-II,South,13703.13671875,127.0,84.0,20.0,4.0,29.0,12.0
600,CHG_0138,2025-10,2025,10,HYDERABAD,97164.0,1564.0,40.0,38.0,9,275,17.443571,78.488185,60.0,60,1.0,Government,,,IOCL,CCS-II,South,2767.188232421875,1.0,0.0,0.0,0.0,0.0,0.0
599,CHG_0139,2025-10,2025,10,HYDERABAD,97164.0,1564.0,40.0,38.0,9,275,17.443571,78.488185,60.0,60,1.0,Government,,,IOCL,CCS-II,South,664.8553466796875,5.0,0.0,0.0,1.0,0.0,0.0
573,CHG_0140,2025-10,2025,10,HYDERABAD,117059.0,1304.0,32.0,28.0,10,275,17.405815,78.460953,60.0,60,1.0,Government,,,IOCL,CCS-II,South,1749.6981201171875,3.0,0.0,0.0,0.0,0.0,0.0
598,CHG_0141,2025-10,2025,10,HYDERABAD,117059.0,1304.0,32.0,28.0,9,275,17.405815,78.460953,60.0,60,1.0,Government,,,IOCL,CCS-II,South,3032.522216796875,14.0,1.0,0.0,1.0,1.0,1.0
755,CHG_0142,2025-10,2025,10,HYDERABAD,92107.0,1303.0,27.0,27.0,5,275,17.390953,78.516123,60.0,60,1.0,Government,,,IOCL,CCS-II,South,813.5215454101562,0.0,0.0,0.0,0.0,0.0,0.0
782,CHG_0143,2025-10,2025,10,HYDERABAD,92107.0,1303.0,27.0,27.0,4,275,17.390953,78.516123,60.0,60,1.0,Government,,,IOCL,CCS-II,South,4908.35498046875,3.0,1.0,0.0,1.0,0.0,1.0
510,CHG_0146,2025-10,2025,10,HYDERABAD,19344.0,536.0,18.0,18.0,18,275,17.3365,78.4683,60.0,60,1.0,Government,,,IOCL,CCS-II,South,11745.8212890625,19.0,1.0,1.0,0.0,2.0,0.0
511,CHG_0147,2025-10,2025,10,HYDERABAD,19344.0,536.0,18.0,18.0,18,275,17.3365,78.4683,60.0,60,1.0,Government,,,IOCL,CCS-II,South,12527.927734375,40.0,7.0,0.0,9.0,7.0,0.0
754,CHG_0148,2025-10,2025,10,HYDERABAD,97164.0,1564.0,40.0,38.0,5,275,17.455141,78.485558,30.0,30,1.0,Government,,,IOCL,CCS-II,South,562.2464599609375,3.0,0.0,0.0,2.0,0.0,0.0
868,CHG_0151,2025-10,2025,10,HYDERABAD,117059.0,1304.0,32.0,28.0,2,275,17.3919,78.4232,60.0,60,1.0,Government,,,IOCL,CCS-II,South,14984.37890625,186.0,86.0,6.0,1.0,27.0,17.0
512,CHG_0153,2025-10,2025,10,HYDERABAD,19344.0,536.0,18.0,18.0,18,275,17.3446,78.4509,60.0,60,1.0,Government,,,IOCL,CCS-II,South,9233.9365234375,15.0,0.0,0.0,2.0,1.0,3.0
513,CHG_0154,2025-10,2025,10,HYDERABAD,19344.0,536.0,18.0,18.0,18,275,17.3446,78.4509,60.0,60,1.0,Government,,,IOCL,CCS-II,South,4857.63720703125,39.0,10.0,0.0,4.0,1.0,1.0
869,CHG_0156,2025-10,2025,10,HYDERABAD,117059.0,1304.0,32.0,28.0,2,275,17.40439,78.465034,30.0,30,1.0,Private,,,Joule,CCS-II,South,14984.37890625,186.0,86.0,6.0,1.0,27.0,17.0
870,CHG_0157,2025-10,2025,10,HYDERABAD,117059.0,1304.0,32.0,28.0,2,275,17.40439,78.465034,7.4,7.4,1.0,Private,,,Joule,Type-II AC,South,12039.25390625,23.0,6.0,0.0,2.0,4.0,0.0
871,CHG_0158,2025-10,2025,10,HYDERABAD,117059.0,1304.0,32.0,28.0,2,275,17.40439,78.465034,7.4,7.4,1.0,Private,,,Joule,Type-II AC,South,11516.359375,24.0,10.0,0.0,1.0,3.0,1.0
336,CHG_0159,2025-10,2025,10,HYDERABAD,117059.0,1304.0,32.0,28.0,33,275,17.417592,78.456457,30.0,30,1.0,Private,,,Joule,CCS-II,South,3471.087646484375,1.0,0.0,0.0,0.0,0.0,0.0
875,CHG_0160,2025-10,2025,10,HYDERABAD,117059.0,1304.0,32.0,28.0,2,275,17.438842,78.457549,7.4,7.4,1.0,Private,,,Joule,Type-II AC,South,13375.7001953125,49.0,22.0,3.0,2.0,7.0,2.0
872,CHG_0161,2025-10,2025,10,HYDERABAD,117059.0,1304.0,32.0,28.0,2,275,17.435861,78.4542,7.4,7.4,1.0,Private,,,Joule,Type-II AC,South,6931.98779296875,2.0,3.0,4.0,0.0,0.0,0.0
702,CHG_0162,2025-10,2025,10,HYDERABAD,117059.0,1304.0,32.0,28.0,6,275,17.426741,78.453122,7.4,7.4,1.0,Private,,,Joule,Type-II AC,South,2774.438720703125,2.0,0.0,0.0,1.0,0.0,0.0
873,CHG_0166,2025-10,2025,10,HYDERABAD,117059.0,1304.0,32.0,28.0,2,275,17.43586,78.4542,30.0,30,1.0,Private,,,Joule,CCS-II,South,13375.7001953125,50.0,22.0,3.0,2.0,7.0,2.0
805,CHG_0167,2025-10,2025,10,HYDERABAD,117059.0,1304.0,32.0,28.0,3,275,17.426774,78.453065,7.4,7.4,1.0,Private,,,Joule,Type-II AC,South,631.7183837890625,5.0,1.0,0.0,1.0,0.0,0.0
874,CHG_0168,2025-10,2025,10,HYDERABAD,117059.0,1304.0,32.0,28.0,2,275,17.426778,78.453053,60.0,60,1.0,Private,,,Joule,CCS-II,South,13375.7001953125,50.0,22.0,3.0,2.0,7.0,2.0
396,CHG_0170,2025-10,2025,10,HYDERABAD,117059.0,1304.0,32.0,28.0,29,275,17.417647,78.456474,7.4,7.4,1.0,Private,,,Joule,Type-II AC,South,1269.929931640625,3.0,0.0,0.0,0.0,0.0,1.0
481,CHG_0175,2025-10,2025,10,HYDERABAD,92107.0,1303.0,27.0,27.0,22,275,17.392015,78.468062,30.0,30,1.0,Private,,,Joule,CCS-II,South,1746.864013671875,5.0,0.0,0.0,0.0,3.0,0.0
545,CHG_0176,2025-10,2025,10,HYDERABAD,117059.0,1304.0,32.0,28.0,13,275,17.412348,78.459892,30.0,30,1.0,Private,,,Joule,CCS-II,South,14637.775390625,56.0,8.0,1.0,2.0,16.0,10.0
867,CHG_0177,2025-10,2025,10,HYDERABAD,97164.0,1564.0,40.0,38.0,2,275,17.409785,78.506565,3.3,3.3,1.0,Private,,,KAZAM,Bharat AC-001,South,15006.5654296875,82.0,12.0,2.0,3.0,16.0,6.0
853,CHG_0178,2025-10,2025,10,HYDERABAD,97164.0,1564.0,40.0,38.0,2,275,17.409785,78.506565,3.3,3.3,1.0,Private,,,KAZAM,Bharat AC-001,South,12900.1357421875,92.0,20.0,5.0,3.0,15.0,7.0
841,CHG_0179,2025-10,2025,10,HYDERABAD,97164.0,1564.0,40.0,38.0,2,275,17.409785,78.506565,3.3,3.3,1.0,Private,,,KAZAM,Bharat AC-001,South,12701.4404296875,139.0,119.0,1.0,3.0,11.0,29.0
876,CHG_0181,2025-10,2025,10,HYDERABAD,97164.0,1564.0,40.0,38.0,2,275,17.409916,78.506212,3.3,3.3,1.0,Private,,,KAZAM,Bharat AC-001,South,13375.7001953125,49.0,22.0,3.0,2.0,7.0,2.0
837,CHG_0182,2025-10,2025,10,HYDERABAD,97164.0,1564.0,40.0,38.0,2,275,17.409916,78.506212,3.3,3.3,1.0,Private,,,KAZAM,Bharat AC-001,South,12701.4404296875,139.0,120.0,1.0,3.0,11.0,29.0
838,CHG_0183,2025-10,2025,10,HYDERABAD,97164.0,1564.0,40.0,38.0,2,275,17.409916,78.506212,3.3,3.3,1.0,Private,,,KAZAM,Bharat AC-001,South,12701.4404296875,139.0,119.0,1.0,3.0,11.0,29.0
839,CHG_0184,2025-10,2025,10,HYDERABAD,97164.0,1564.0,40.0,38.0,2,275,17.409916,78.506212,3.3,3.3,1.0,Private,,,KAZAM,Bharat AC-001,South,12701.4404296875,139.0,119.0,1.0,3.0,11.0,29.0
840,CHG_0186,2025-10,2025,10,HYDERABAD,117059.0,1304.0,32.0,28.0,2,275,17.425381,78.4321,3.3,3.3,1.0,Private,,,KAZAM,Bharat AC-001,South,12701.4404296875,139.0,119.0,1.0,3.0,11.0,29.0
292,CHG_0190,2025-10,2025,10,HYDERABAD,97164.0,1564.0,40.0,38.0,33,275,17.4426,78.49535,7.4,7.4,1.0,Government,,,NTPC,Type-II AC,South,4883.857421875,10.0,0.0,0.0,0.0,0.0,2.0
658,CHG_0191,2025-10,2025,10,HYDERABAD,92107.0,1303.0,27.0,27.0,7,275,17.402246,78.509387,10.0,3.3,1.0,Government,,,NTPC,Bharat AC-001,South,171.3355255126953,5.0,0.0,0.0,0.0,0.0,0.0
701,CHG_0192,2025-10,2025,10,HYDERABAD,92107.0,1303.0,27.0,27.0,6,275,17.402246,78.509387,10.0,3.3,1.0,Government,,,NTPC,Bharat AC-001,South,7400.0419921875,3.0,0.0,0.0,0.0,1.0,0.0
705,CHG_0193,2025-10,2025,10,HYDERABAD,92107.0,1303.0,27.0,27.0,6,275,17.402246,78.509387,10.0,3.3,1.0,Government,,,NTPC,Bharat AC-001,South,11104.9150390625,11.0,0.0,0.0,2.0,1.0,1.0
496,CHG_0194,2025-10,2025,10,HYDERABAD,97164.0,1564.0,40.0,38.0,20,275,17.44111,78.50511,7.0,7,1.0,Private,,,OLA,LEV DC Charge Point (IS-17017-2-6),South,4857.63720703125,39.0,10.0,0.0,4.0,1.0,1.0
291,CHG_0195,2025-10,2025,10,HYDERABAD,19344.0,536.0,18.0,18.0,33,275,17.35733,78.47396,15.0,15,1.0,Government,,,REIL,Bharat DC-001,South,14620.2861328125,69.0,27.0,1.0,8.0,11.0,1.0
497,CHG_0196,2025-10,2025,10,HYDERABAD,97164.0,1564.0,40.0,38.0,20,275,17.44111,78.50511,15.0,15,1.0,Government,,,REIL,Bharat DC-001,South,6304.462890625,6.0,0.0,0.0,4.0,0.0,0.0
595,CHG_0197,2025-10,2025,10,HYDERABAD,117059.0,1304.0,32.0,28.0,9,275,17.402686,78.458469,10.0,3.3,1.0,Government,,,REIL,Bharat AC-001,South,9343.1689453125,61.0,50.0,2.0,5.0,11.0,2.0
594,CHG_0198,2025-10,2025,10,HYDERABAD,117059.0,1304.0,32.0,28.0,9,275,17.402686,78.458469,10.0,3.3,1.0,Government,,,REIL,Bharat AC-001,South,8286.4130859375,19.0,1.0,0.0,3.0,2.0,5.0
626,CHG_0199,2025-10,2025,10,HYDERABAD,117059.0,1304.0,32.0,28.0,8,275,17.402686,78.458469,10.0,3.3,1.0,Government,,,REIL,Bharat AC-001,South,2423.9599609375,6.0,0.0,0.0,0.0,2.0,0.0
699,CHG_0201,2025-10,2025,10,HYDERABAD,97164.0,1564.0,40.0,38.0,6,275,17.45256,78.510818,7.4,7.4,1.0,Government,,,REIL,Type-II AC,South,12221.31640625,95.0,58.0,5.0,2.0,13.0,2.0
437,CHG_0203,2025-10,2025,10,HYDERABAD,19344.0,536.0,18.0,18.0,25,275,17.3667,78.4621,15.0,15,1.0,Government,,,REIL,Bharat DC-001,South,639.78125,0.0,0.0,0.0,0.0,0.0,0.0
398,CHG_0204,2025-10,2025,10,HYDERABAD,19344.0,536.0,18.0,18.0,29,275,17.35733,78.47396,15.0,15,1.0,Government,,,REIL,Bharat DC-001,South,11034.51171875,60.0,35.0,4.0,4.0,8.0,2.0
698,CHG_0206,2025-10,2025,10,HYDERABAD,97164.0,1564.0,40.0,38.0,6,275,17.455042,78.507655,60.0,60,1.0,Government,,,REIL,CCS-II,South,14557.4990234375,94.0,56.0,4.0,5.0,12.0,4.0
749,CHG_0207,2025-10,2025,10,HYDERABAD,97164.0,1564.0,40.0,38.0,5,275,17.455042,78.507655,60.0,60,1.0,Government,,,REIL,CCS-II,South,4908.35498046875,4.0,1.0,1.0,1.0,0.0,1.0
290,CHG_0209,2025-10,2025,10,HYDERABAD,92107.0,1303.0,27.0,27.0,33,275,17.38504,78.48667,15.0,15,1.0,Government,,,REIL,Bharat DC-001,South,15042.0615234375,25.0,8.0,0.0,5.0,3.0,1.0
832,CHG_0225,2025-10,2025,10,HYDERABAD,97164.0,1564.0,40.0,38.0,2,275,17.471154,78.474047,10.0,3.3,1.0,Government,,,REIL,Bharat AC-001,South,14794.767578125,150.0,66.0,28.0,2.0,33.0,14.0
833,CHG_0226,2025-10,2025,10,HYDERABAD,97164.0,1564.0,40.0,38.0,2,275,17.471154,78.474047,15.0,15,1.0,Government,,,REIL,Bharat DC-001,South,14794.767578125,150.0,66.0,28.0,2.0,33.0,14.0
834,CHG_0227,2025-10,2025,10,HYDERABAD,97164.0,1564.0,40.0,38.0,2,275,17.471154,78.474047,10.0,3.3,1.0,Government,,,REIL,Bharat AC-001,South,14280.0048828125,155.0,105.0,26.0,6.0,39.0,2.0
835,CHG_0228,2025-10,2025,10,HYDERABAD,97164.0,1564.0,40.0,38.0,2,275,17.471154,78.474047,10.0,3.3,1.0,Government,,,REIL,Bharat AC-001,South,12701.4404296875,139.0,120.0,1.0,3.0,11.0,29.0
523,CHG_0229,2025-10,2025,10,HYDERABAD,97164.0,1564.0,40.0,38.0,16,275,17.44111,78.50511,15.0,15,1.0,Government,,,REIL,Bharat DC-001,South,1359.5059814453125,0.0,0.0,0.0,0.0,0.0,0.0
561,CHG_0231,2025-10,2025,10,HYDERABAD,92107.0,1303.0,27.0,27.0,11,275,17.40925,78.49802,15.0,15,1.0,Government,,,REIL,Bharat DC-001,South,13394.7255859375,63.0,21.0,2.0,2.0,11.0,5.0
395,CHG_0242,2025-10,2025,10,HYDERABAD,117059.0,1304.0,32.0,28.0,29,275,17.414912,78.458199,10.0,3.3,1.0,Government,,,REIL,Bharat AC-001,South,3130.98974609375,22.0,12.0,2.0,2.0,2.0,0.0
394,CHG_0243,2025-10,2025,10,HYDERABAD,117059.0,1304.0,32.0,28.0,29,275,17.414912,78.458199,15.0,15,1.0,Government,,,REIL,Bharat DC-001,South,13208.5830078125,129.0,27.0,9.0,6.0,26.0,11.0
424,CHG_0244,2025-10,2025,10,HYDERABAD,117059.0,1304.0,32.0,28.0,26,275,17.414912,78.458199,10.0,3.3,1.0,Government,,,REIL,Bharat AC-001,South,9545.609375,43.0,6.0,0.0,2.0,5.0,7.0
451,CHG_0245,2025-10,2025,10,HYDERABAD,117059.0,1304.0,32.0,28.0,24,275,17.414912,78.458199,10.0,3.3,1.0,Government,,,REIL,Bharat AC-001,South,8082.51513671875,49.0,12.0,1.0,1.0,4.0,2.0
478,CHG_0254,2025-10,2025,10,HYDERABAD,92107.0,1303.0,27.0,27.0,22,275,17.404176,78.504278,122.0,50+50+22,3.0,Government,,,REIL,Combo (CCS-II + CHAdeMo + Type II),South,4857.63720703125,54.0,14.0,2.0,4.0,4.0,1.0
537,CHG_0255,2025-10,2025,10,HYDERABAD,92107.0,1303.0,27.0,27.0,14,275,17.404176,78.504278,122.0,50+50+22,3.0,Government,,,REIL,Combo (CCS-II + CHAdeMo + Type II),South,13713.1376953125,42.0,15.0,7.0,5.0,8.0,3.0
571,CHG_0259,2025-10,2025,10,HYDERABAD,117059.0,1304.0,32.0,28.0,10,275,17.412183,78.434876,60.0,60,1.0,Private,,,Reliance BP,CCS-II,South,94.17779541015624,0.0,0.0,0.0,0.0,0.0,0.0
479,CHG_0272,2025-10,2025,10,HYDERABAD,117059.0,1304.0,32.0,28.0,22,275,17.4208,78.455389,60.0,60,1.0,Private,,,Reliance BP,CCS-II,South,12575.9443359375,55.0,33.0,8.0,2.0,9.0,2.0
530,CHG_0273,2025-10,2025,10,HYDERABAD,117059.0,1304.0,32.0,28.0,15,275,17.4208,78.455389,60.0,60,1.0,Private,,,Reliance BP,CCS-II,South,9166.1611328125,18.0,2.0,0.0,3.0,2.0,5.0
531,CHG_0274,2025-10,2025,10,HYDERABAD,117059.0,1304.0,32.0,28.0,15,275,17.4208,78.455389,7.4,7.4,1.0,Private,,,Reliance BP,Type-II AC,South,12826.4375,54.0,14.0,4.0,4.0,7.0,2.0
836,CHG_0278,2025-10,2025,10,HYDERABAD,117059.0,1304.0,32.0,28.0,2,275,17.429289,78.450195,60.0,60,1.0,Private,,,Reliance BP,CCS-II,South,12701.4404296875,139.0,120.0,1.0,3.0,11.0,29.0
842,CHG_0279,2025-10,2025,10,HYDERABAD,117059.0,1304.0,32.0,28.0,2,275,17.429289,78.450195,60.0,60,1.0,Private,,,Reliance BP,CCS-II,South,11798.2001953125,100.0,26.0,7.0,2.0,17.0,10.0
848,CHG_0280,2025-10,2025,10,HYDERABAD,117059.0,1304.0,32.0,28.0,2,275,17.429289,78.450195,7.4,7.4,1.0,Private,,,Reliance BP,Type-II AC,South,14280.0048828125,174.0,110.0,24.0,3.0,39.0,7.0
560,CHG_0281,2025-10,2025,10,HYDERABAD,92107.0,1303.0,27.0,27.0,11,275,17.371753,78.509757,60.0,60,1.0,Private,,,Reliance BP,CCS-II,South,13394.7255859375,63.0,21.0,2.0,2.0,11.0,5.0
559,CHG_0282,2025-10,2025,10,HYDERABAD,92107.0,1303.0,27.0,27.0,11,275,17.371753,78.509757,60.0,60,1.0,Private,,,Reliance BP,CCS-II,South,14984.37890625,157.0,63.0,3.0,1.0,20.0,21.0
558,CHG_0283,2025-10,2025,10,HYDERABAD,92107.0,1303.0,27.0,27.0,11,275,17.371753,78.509757,7.4,7.4,1.0,Private,,,Reliance BP,Type-II AC,South,11196.587890625,127.0,68.0,16.0,1.0,6.0,18.0
593,CHG_0316,2025-10,2025,10,HYDERABAD,234276.0,2264.0,54.0,53.0,9,275,17.43588,78.40101,15.0,15,1.0,Private,,,Tata Power,Bharat DC-001,South,8286.4130859375,19.0,1.0,0.0,3.0,2.0,5.0
486,CHG_0321,2025-10,2025,10,HYDERABAD,234276.0,2264.0,54.0,53.0,21,275,17.43683,78.398326,25.0,25,2.0,Private,,,Tata Power,Combo (CCS-II+CHAdeMO),South,12527.927734375,40.0,7.0,0.0,9.0,7.0,0.0
697,CHG_0329,2025-10,2025,10,HYDERABAD,117059.0,1304.0,32.0,28.0,6,275,17.402909,78.460068,60.0,60,1.0,Private,,,Tata Power,CCS-II,South,10517.1181640625,52.0,45.0,5.0,4.0,6.0,2.0
696,CHG_0330,2025-10,2025,10,HYDERABAD,117059.0,1304.0,32.0,28.0,6,275,17.402909,78.460068,60.0,60,1.0,Private,,,Tata Power,CCS-II,South,8232.087890625,44.0,32.0,5.0,4.0,5.0,1.0
850,CHG_0331,2025-10,2025,10,HYDERABAD,117059.0,1304.0,32.0,28.0,2,275,17.422608,78.461364,22.0,22,1.0,Private,,,Tata Power,Type-II AC,South,10484.015625,111.0,53.0,14.0,4.0,19.0,7.0
748,CHG_0335,2025-10,2025,10,HYDERABAD,97164.0,1564.0,40.0,38.0,5,275,17.45848,78.5,25.0,25,2.0,Private,,,Tata Power,Combo (CCS-II+CHAdeMO),South,4908.35498046875,3.0,1.0,0.0,1.0,0.0,1.0
852,CHG_0363,2025-10,2025,10,HYDERABAD,117059.0,1304.0,32.0,28.0,2,275,17.423562,78.462234,30.0,30,1.0,Private,,,Tata Power,CCS-II,South,10484.015625,104.0,50.0,12.0,4.0,17.0,5.0
851,CHG_0364,2025-10,2025,10,HYDERABAD,117059.0,1304.0,32.0,28.0,2,275,17.423562,78.462234,7.4,7.4,1.0,Private,,,Tata Power,Type-II AC,South,10484.015625,104.0,50.0,12.0,4.0,17.0,5.0
289,CHG_0365,2025-10,2025,10,HYDERABAD,117059.0,1304.0,32.0,28.0,33,275,17.418239,78.451807,7.4,7.4,1.0,Private,,,Tata Power,Type-II AC,South,12221.31640625,57.0,27.0,1.0,4.0,8.0,2.0
288,CHG_0366,2025-10,2025,10,HYDERABAD,117059.0,1304.0,32.0,28.0,33,275,17.418239,78.451807,7.4,7.4,1.0,Private,,,Tata Power,Type-II AC,South,12221.31640625,57.0,27.0,1.0,4.0,8.0,2.0
287,CHG_0367,2025-10,2025,10,HYDERABAD,117059.0,1304.0,32.0,28.0,33,275,17.418239,78.451807,10.0,3.3,1.0,Private,,,Tata Power,Bharat AC-001,South,9877.9462890625,18.0,1.0,0.0,1.0,4.0,1.0
286,CHG_0368,2025-10,2025,10,HYDERABAD,117059.0,1304.0,32.0,28.0,33,275,17.418239,78.451807,10.0,3.3,1.0,Private,,,Tata Power,Bharat AC-001,South,4270.1357421875,3.0,0.0,0.0,1.0,0.0,1.0
313,CHG_0369,2025-10,2025,10,HYDERABAD,117059.0,1304.0,32.0,28.0,33,275,17.418239,78.451807,10.0,3.3,1.0,Private,,,Tata Power,Bharat AC-001,South,1978.2652587890625,0.0,0.0,0.0,0.0,0.0,0.0
316,CHG_0370,2025-10,2025,10,HYDERABAD,117059.0,1304.0,32.0,28.0,33,275,17.418239,78.451807,10.0,3.3,1.0,Private,,,Tata Power,Bharat AC-001,South,6055.8359375,5.0,0.0,0.0,0.0,1.0,0.0
329,CHG_0371,2025-10,2025,10,HYDERABAD,117059.0,1304.0,32.0,28.0,33,275,17.418239,78.451807,10.0,3.3,1.0,Private,,,Tata Power,Bharat AC-001,South,313.6604919433594,0.0,0.0,0.0,0.0,0.0,0.0
341,CHG_0372,2025-10,2025,10,HYDERABAD,117059.0,1304.0,32.0,28.0,33,275,17.418239,78.451807,10.0,3.3,1.0,Private,,,Tata Power,Bharat AC-001,South,11688.8369140625,13.0,2.0,0.0,3.0,5.0,2.0
849,CHG_0375,2025-10,2025,10,HYDERABAD,117059.0,1304.0,32.0,28.0,2,275,17.425307,78.435094,60.0,60,1.0,Private,,,Tata Power,CCS-II,South,14280.0048828125,174.0,110.0,24.0,3.0,39.0,7.0
847,CHG_0376,2025-10,2025,10,HYDERABAD,117059.0,1304.0,32.0,28.0,2,275,17.425307,78.435094,10.0,3.3,1.0,Private,,,Tata Power,Bharat AC-001,South,14280.0048828125,174.0,110.0,24.0,3.0,39.0,7.0
843,CHG_0377,2025-10,2025,10,HYDERABAD,117059.0,1304.0,32.0,28.0,2,275,17.425307,78.435094,60.0,60,1.0,Private,,,Tata Power,CCS-II,South,5894.63525390625,47.0,20.0,7.0,5.0,7.0,5.0
844,CHG_0378,2025-10,2025,10,HYDERABAD,117059.0,1304.0,32.0,28.0,2,275,17.425307,78.435094,10.0,3.3,1.0,Private,,,Tata Power,Bharat AC-001,South,5894.63525390625,47.0,20.0,7.0,5.0,7.0,5.0
845,CHG_0379,2025-10,2025,10,HYDERABAD,117059.0,1304.0,32.0,28.0,2,275,17.425307,78.435094,10.0,3.3,1.0,Private,,,Tata Power,Bharat AC-001,South,5894.63525390625,47.0,20.0,7.0,5.0,7.0,5.0
846,CHG_0382,2025-10,2025,10,HYDERABAD,117059.0,1304.0,32.0,28.0,2,275,17.4226,78.46136,30.0,30,2.0,Private,,,Tata Power,Combo (CCS-II+CHAdeMO),South,5894.63525390625,47.0,20.0,7.0,5.0,7.0,5.0
328,CHG_0383,2025-10,2025,10,HYDERABAD,97164.0,1564.0,40.0,38.0,33,275,17.441846,78.50438,3.3,3.3,1.0,Private,,,UJOY,Bharat AC-001,South,13208.5830078125,128.0,26.0,9.0,6.0,26.0,11.0
340,CHG_0384,2025-10,2025,10,HYDERABAD,97164.0,1564.0,40.0,38.0,33,275,17.44185,78.504376,3.3,3.3,1.0,Private,,,UJOY,Bharat AC-001,South,471.3946228027344,3.0,0.0,0.0,0.0,0.0,0.0
368,CHG_0385,2025-10,2025,10,HYDERABAD,97164.0,1564.0,40.0,38.0,32,275,17.441846,78.504359,3.3,3.3,1.0,Private,,,UJOY,Bharat AC-001,South,383.5750427246094,1.0,0.0,0.0,0.0,0.0,0.0
374,CHG_0386,2025-10,2025,10,HYDERABAD,97164.0,1564.0,40.0,38.0,31,275,17.441837,78.504381,3.3,3.3,1.0,Private,,,UJOY,Bharat AC-001,South,759.2852172851562,0.0,0.0,0.0,0.0,0.0,0.0
383,CHG_0387,2025-10,2025,10,HYDERABAD,97164.0,1564.0,40.0,38.0,30,275,17.44189,78.504338,3.3,3.3,1.0,Private,,,UJOY,Bharat AC-001,South,1694.3343505859375,2.0,0.0,0.0,2.0,0.0,0.0
385,CHG_0388,2025-10,2025,10,HYDERABAD,97164.0,1564.0,40.0,38.0,30,275,17.441862,78.504369,3.3,3.3,1.0,Private,,,UJOY,Bharat AC-001,South,9832.2578125,137.0,25.0,14.0,3.0,10.0,5.0
386,CHG_0389,2025-10,2025,10,HYDERABAD,97164.0,1564.0,40.0,38.0,30,275,17.441889,78.504319,3.3,3.3,1.0,Private,,,UJOY,Bharat AC-001,South,284.5849304199219,1.0,0.0,0.0,0.0,0.0,0.0
403,CHG_0390,2025-10,2025,10,HYDERABAD,97164.0,1564.0,40.0,38.0,29,275,17.44187,78.504363,3.3,3.3,1.0,Private,,,UJOY,Bharat AC-001,South,643.5619506835938,2.0,0.0,0.0,2.0,0.0,0.0
402,CHG_0391,2025-10,2025,10,HYDERABAD,97164.0,1564.0,40.0,38.0,29,275,17.441843,78.504354,3.3,3.3,1.0,Private,,,UJOY,Bharat AC-001,South,1116.3927001953125,3.0,0.0,0.0,1.0,0.0,0.0
480,CHG_0392,2025-10,2025,10,HYDERABAD,97164.0,1564.0,40.0,38.0,22,275,17.441831,78.504388,3.3,3.3,1.0,Private,,,UJOY,Bharat AC-001,South,11655.357421875,132.0,67.0,9.0,4.0,18.0,3.0
487,CHG_0393,2025-10,2025,10,HYDERABAD,97164.0,1564.0,40.0,38.0,21,275,17.441863,78.504377,3.3,3.3,1.0,Private,,,UJOY,Bharat AC-001,South,8913.3779296875,34.0,24.0,1.0,3.0,3.0,6.0
488,CHG_0394,2025-10,2025,10,HYDERABAD,97164.0,1564.0,40.0,38.0,21,275,17.441846,78.504346,3.3,3.3,1.0,Private,,,UJOY,Bharat AC-001,South,8913.3779296875,34.0,24.0,1.0,3.0,3.0,6.0
544,CHG_0395,2025-10,2025,10,HYDERABAD,97164.0,1564.0,40.0,38.0,13,275,17.441106,78.505111,15.0,7,1.0,Government,,,BPCL,LEV DC,South,14637.775390625,56.0,8.0,1.0,2.0,16.0,10.0
602,CHG_0396,2025-10,2025,10,HYDERABAD,97164.0,1564.0,40.0,38.0,9,275,17.441106,78.505111,15.0,7,1.0,Government,,,BPCL,LEV DC,South,694.95361328125,3.0,0.0,0.0,0.0,1.0,0.0
426,CHG_0397,2025-10,2025,10,HYDERABAD,92107.0,1303.0,27.0,27.0,26,275,17.39918,78.47997,60.0,60,2.0,Government,,,BPCL,CCS,South,369.587158203125,1.0,0.0,0.0,0.0,0.0,0.0
885,CHG_0398,2025-10,2025,10,HYDERABAD,97164.0,1564.0,40.0,38.0,2,275,17.437786,78.471565,60.0,60,2.0,Government,,,BPCL,CCS,South,12216.1181640625,28.0,8.0,0.0,3.0,4.0,0.0
554,CHG_0400,2025-10,2025,10,HYDERABAD,19344.0,536.0,18.0,18.0,12,275,17.3518,78.506743,3.0,3,1.0,Government,,,BPCL,Bharat AC,South,10466.958984375,99.0,35.0,22.0,2.0,4.0,5.0
892,CHG_0402,2025-10,2025,10,HYDERABAD,234276.0,2264.0,54.0,53.0,2,275,17.426301,78.414878,3.0,3,1.0,Government,,,BPCL,Bharat AC,South,1050.9755859375,6.0,0.0,0.0,3.0,0.0,0.0
656,CHG_0404,2025-10,2025,10,HYDERABAD,19344.0,536.0,18.0,18.0,7,275,17.330871,78.488427,60.0,60,2.0,Government,,,BPCL,CCS,South,867.2488403320312,5.0,0.0,0.0,0.0,1.0,0.0
659,CHG_0405,2025-10,2025,10,HYDERABAD,19344.0,536.0,18.0,18.0,7,275,17.324794,78.47238,60.0,60,2.0,Government,,,BPCL,CCS,South,336.0805053710937,8.0,1.0,0.0,2.0,0.0,0.0
564,CHG_0406,2025-10,2025,10,HYDERABAD,92107.0,1303.0,27.0,27.0,11,275,17.409254,78.498019,3.0,3,1.0,Government,,,BPCL,Bharat AC,South,128.02073669433594,2.0,1.0,0.0,0.0,1.0,0.0
893,CHG_0493,2025-10,2025,10,HYDERABAD,97164.0,1564.0,40.0,38.0,2,275,17.45568,78.48328,60.0,60,1.0,Government,,,IOCL,CCS-II,South,10282.3330078125,8.0,2.0,0.0,0.0,4.0,0.0
894,CHG_0494,2025-10,2025,10,HYDERABAD,97164.0,1564.0,40.0,38.0,2,275,17.45568,78.48328,60.0,60,1.0,Government,,,IOCL,CCS-II,South,14620.2861328125,51.0,19.0,0.0,6.0,10.0,1.0
895,CHG_0503,2025-10,2025,10,HYDERABAD,97164.0,1564.0,40.0,38.0,2,275,17.46845,78.48145,60.0,60,1.0,Government,,,IOCL,CCS-II,South,4479.6884765625,10.0,0.0,0.0,4.0,0.0,3.0
896,CHG_0504,2025-10,2025,10,HYDERABAD,97164.0,1564.0,40.0,38.0,2,275,17.46845,78.48145,60.0,60,1.0,Government,,,IOCL,CCS-II,South,12691.388671875,34.0,4.0,2.0,3.0,4.0,2.0
900,CHG_0507,2025-10,2025,10,HYDERABAD,97164.0,1564.0,40.0,38.0,2,275,17.46943,78.49556,60.0,60,1.0,Government,,,IOCL,CCS-II,South,5677.17724609375,30.0,5.0,0.0,0.0,0.0,0.0
897,CHG_0508,2025-10,2025,10,HYDERABAD,97164.0,1564.0,40.0,38.0,2,275,17.46943,78.49556,60.0,60,1.0,Government,,,IOCL,CCS-II,South,468.5303039550781,3.0,0.0,0.0,0.0,1.0,0.0
898,CHG_0532,2025-10,2025,10,HYDERABAD,97164.0,1564.0,40.0,38.0,2,275,17.385044,78.486671,60.0,60,2.0,Government,,,BPCL,CCS,South,5677.17724609375,30.0,5.0,0.0,0.0,0.0,0.0
700,CHG_0720,2025-10,2025,10,HYDERABAD,53015.0,1564.0,37.0,36.0,6,275,17.364882,78.446098,30.0,30,1.0,Government,,,IOCL,CCS-II,South,7127.87353515625,32.0,1.0,1.0,1.0,3.0,3.0
660,CHG_0777,2025-10,2025,10,HYDERABAD,129106.0,2943.0,62.0,62.0,7,275,17.33087,78.48843,15.0,15,1.0,Government,,,REIL,Bharat DC-001,South,1308.361572265625,8.0,1.0,0.0,1.0,0.0,0.0
781,CHG_0778,2025-10,2025,10,HYDERABAD,129106.0,2943.0,62.0,62.0,4,275,17.409284,78.495094,10.0,3.3,1.0,Government,,,REIL,Bharat AC-001,South,682.6055908203125,3.0,0.0,0.0,0.0,1.0,0.0
804,CHG_0779,2025-10,2025,10,HYDERABAD,129106.0,2943.0,62.0,62.0,3,275,17.409284,78.495094,10.0,3.3,1.0,Government,,,REIL,Bharat AC-001,South,631.7183837890625,5.0,1.0,0.0,1.0,0.0,0.0
899,CHG_0780,2025-10,2025,10,HYDERABAD,129106.0,2943.0,62.0,62.0,2,275,17.409284,78.495094,10.0,3.3,1.0,Government,,,REIL,Bharat AC-001,South,5677.17724609375,30.0,5.0,0.0,0.0,0.0,0.0
891,CHG_0781,2025-10,2025,10,HYDERABAD,129106.0,2943.0,62.0,62.0,2,275,17.409284,78.495094,10.0,3.3,1.0,Government,,,REIL,Bharat AC-001,South,6591.42626953125,26.0,1.0,1.0,0.0,1.0,0.0
913,CHG_0782,2025-10,2025,10,HYDERABAD,129106.0,2943.0,62.0,62.0,1,275,17.409284,78.495094,10.0,3.3,1.0,Government,,,REIL,Bharat AC-001,South,10282.3330078125,6.0,2.0,0.0,0.0,3.0,0.0
452,CHG_0408,2025-10,2025,10,JOGULAMBA GADWAL,9034.0,290.0,7.0,7.0,24,20,16.211342,77.823207,7.0,7,1.0,Government,,,HPCL,Type-II AC,South,12094.1923828125,42.0,12.0,2.0,2.0,6.0,5.0
504,CHG_0409,2025-10,2025,10,JOGULAMBA GADWAL,9034.0,290.0,7.0,7.0,19,20,15.985216,77.975031,30.0,30,1.0,Government,,,HPCL,CCS-II,South,13713.1376953125,33.0,9.0,1.0,5.0,7.0,2.0
505,CHG_0410,2025-10,2025,10,JOGULAMBA GADWAL,9034.0,290.0,7.0,7.0,19,20,16.072144,77.955037,3.3,3.3,1.0,Government,,,IOCL,LEV AC Charge point,South,1371.9525146484375,2.0,0.0,0.0,0.0,0.0,0.0
524,CHG_0411,2025-10,2025,10,JOGULAMBA GADWAL,9034.0,290.0,7.0,7.0,16,20,16.08145,77.53831,3.3,3.3,1.0,Government,,,IOCL,LEV AC Charge point,South,214.94065856933597,1.0,0.0,0.0,0.0,0.0,0.0
563,CHG_0412,2025-10,2025,10,JOGULAMBA GADWAL,9034.0,290.0,7.0,7.0,11,20,16.115318,77.696008,3.3,3.3,1.0,Government,,,IOCL,LEV AC Charge point,South,14984.37890625,158.0,63.0,3.0,1.0,21.0,21.0
604,CHG_0413,2025-10,2025,10,JOGULAMBA GADWAL,9034.0,290.0,7.0,7.0,9,20,15.964237,77.996857,30.0,30,1.0,Government,,,BPCL,CCS,South,1592.796142578125,4.0,0.0,0.0,0.0,2.0,0.0
339,CHG_0414,2025-10,2025,10,MAHBUBNAGAR,27736.0,958.0,24.0,24.0,33,138,16.525282,77.94011,60.0,60,1.0,Private,,,Fortum,CCS-II,South,6942.93798828125,10.0,2.0,0.0,1.0,1.0,5.0
387,CHG_0415,2025-10,2025,10,MAHBUBNAGAR,27736.0,958.0,24.0,24.0,30,138,16.525282,77.94011,60.0,60,1.0,Private,,,Fortum,CCS-II,South,204.6212310791016,0.0,0.0,0.0,0.0,0.0,0.0
439,CHG_0416,2025-10,2025,10,MAHBUBNAGAR,27736.0,958.0,24.0,24.0,25,138,16.765631,77.967343,7.0,7,1.0,Government,,,HPCL,Type-II AC,South,10309.4794921875,159.0,27.0,24.0,1.0,10.0,4.0
444,CHG_0417,2025-10,2025,10,MAHBUBNAGAR,27736.0,958.0,24.0,24.0,25,138,16.61701,77.828632,3.0,3,1.0,Government,,,HPCL,Bharat AC-001,South,994.6884765625,5.0,0.0,0.0,0.0,1.0,0.0
441,CHG_0420,2025-10,2025,10,MAHBUBNAGAR,27736.0,958.0,24.0,24.0,25,138,16.525552,77.940146,3.3,3.3,1.0,Government,,,HPCL,Bharat AC-001,South,20.149112701416016,0.0,0.0,0.0,0.0,0.0,0.0
470,CHG_0421,2025-10,2025,10,MAHBUBNAGAR,27736.0,958.0,24.0,24.0,23,138,16.757653,77.993222,3.3,3.3,1.0,Government,,,HPCL,Bharat AC-001,South,109.4374771118164,0.0,0.0,0.0,0.0,0.0,0.0
506,CHG_0423,2025-10,2025,10,MAHBUBNAGAR,27736.0,958.0,24.0,24.0,19,138,16.75329,78.024012,3.3,3.3,1.0,Government,,,HPCL,Bharat AC-001,South,1687.296630859375,6.0,0.0,2.0,1.0,0.0,1.0
518,CHG_0425,2025-10,2025,10,MAHBUBNAGAR,27736.0,958.0,24.0,24.0,17,138,16.763526,77.99302,3.3,3.3,1.0,Government,,,IOCL,LEV AC Charge point,South,13713.1376953125,42.0,15.0,7.0,5.0,8.0,3.0
525,CHG_0426,2025-10,2025,10,MAHBUBNAGAR,27736.0,958.0,24.0,24.0,16,138,16.957009,78.184773,3.3,3.3,1.0,Government,,,IOCL,LEV AC Charge point,South,4857.63720703125,39.0,10.0,0.0,4.0,1.0,1.0
535,CHG_0427,2025-10,2025,10,MAHBUBNAGAR,27736.0,958.0,24.0,24.0,15,138,16.87173,77.886904,3.3,3.3,1.0,Government,,,IOCL,LEV AC Charge point,South,11655.357421875,132.0,66.0,10.0,4.0,18.0,3.0
548,CHG_0428,2025-10,2025,10,MAHBUBNAGAR,27736.0,958.0,24.0,24.0,13,138,16.964329,78.122988,3.3,3.3,1.0,Government,,,IOCL,LEV AC Charge point,South,10728.59765625,25.0,15.0,5.0,2.0,5.0,1.0
634,CHG_0429,2025-10,2025,10,MAHBUBNAGAR,27736.0,958.0,24.0,24.0,8,138,16.92456,77.7967,3.3,3.3,1.0,Government,,,IOCL,LEV AC Charge point,South,643.5619506835938,2.0,0.0,0.0,2.0,0.0,0.0
758,CHG_0430,2025-10,2025,10,MAHBUBNAGAR,27736.0,958.0,24.0,24.0,5,138,16.76124,77.93293,3.3,3.3,1.0,Government,,,IOCL,LEV AC Charge point,South,489.7686767578125,2.0,0.0,0.0,2.0,0.0,0.0
791,CHG_0432,2025-10,2025,10,MAHBUBNAGAR,27736.0,958.0,24.0,24.0,4,138,16.950955,78.166694,3.3,3.3,1.0,Government,,,IOCL,LEV AC Charge point,South,633.6669921875,6.0,0.0,0.0,4.0,0.0,0.0
790,CHG_0435,2025-10,2025,10,MAHBUBNAGAR,27736.0,958.0,24.0,24.0,4,138,16.609311,77.834038,3.3,3.3,1.0,Government,,,IOCL,LEV AC Charge point,South,366.7320861816406,4.0,0.0,2.0,0.0,0.0,0.0
789,CHG_0436,2025-10,2025,10,MAHBUBNAGAR,27736.0,958.0,24.0,24.0,4,138,16.86725,78.153739,3.3,3.3,1.0,Government,,,IOCL,LEV AC Charge point,South,3322.7392578125,3.0,0.0,0.0,1.0,0.0,0.0
914,CHG_0437,2025-10,2025,10,MAHBUBNAGAR,27736.0,958.0,24.0,24.0,1,138,16.897,78.17399,15.0,15,1.0,Government,,,REIL,Bharat DC-001,South,1133.2506103515625,0.0,0.0,0.0,0.0,0.0,0.0
456,CHG_0448,2025-10,2025,10,MEDAK,1733.0,539.0,10.0,10.0,24,41,18.065855,78.391731,3.3,3.3,1.0,Government,,,HPCL,Bharat AC-001,South,11655.357421875,108.0,59.0,9.0,4.0,14.0,2.0
576,CHG_0449,2025-10,2025,10,MEDAK,1733.0,539.0,10.0,10.0,10,41,18.114437,78.40229,3.3,3.3,1.0,Government,,,HPCL,Bharat AC-001,South,148.1956787109375,1.0,0.0,0.0,0.0,0.0,0.0
575,CHG_0450,2025-10,2025,10,MEDAK,1733.0,539.0,10.0,10.0,10,41,18.024594,78.270902,7.4,7.4,1.0,Government,,,HPCL,Type-II AC,South,1010.6061401367188,0.0,0.0,0.0,0.0,0.0,0.0
574,CHG_0451,2025-10,2025,10,MEDAK,1733.0,539.0,10.0,10.0,10,41,18.031019,78.433679,7.0,7,1.0,Government,,,HPCL,Type-II AC,South,795.625244140625,0.0,0.0,0.0,0.0,0.0,0.0
608,CHG_0452,2025-10,2025,10,MEDAK,1733.0,539.0,10.0,10.0,9,41,18.071672,78.266436,7.4,7.4,1.0,Government,,,IOCL,Type-II AC,South,6949.3544921875,11.0,5.0,0.0,0.0,1.0,3.0
607,CHG_0453,2025-10,2025,10,MEDAK,1733.0,539.0,10.0,10.0,9,41,17.984625,78.191898,3.3,3.3,1.0,Government,,,IOCL,LEV AC Charge point,South,383.5750427246094,1.0,0.0,0.0,0.0,0.0,0.0
713,CHG_0454,2025-10,2025,10,MEDAK,1733.0,539.0,10.0,10.0,6,41,17.983626,78.028569,3.3,3.3,1.0,Government,,,IOCL,LEV AC Charge point,South,1745.6439208984375,3.0,0.0,0.0,1.0,0.0,0.0
788,CHG_0455,2025-10,2025,10,MEDAK,1733.0,539.0,10.0,10.0,4,41,17.910499,78.360891,3.3,3.3,1.0,Government,,,IOCL,LEV AC Charge point,South,3788.079345703125,16.0,0.0,0.0,1.0,6.0,0.0
812,CHG_0456,2025-10,2025,10,MEDAK,1733.0,539.0,10.0,10.0,3,41,18.09121,78.25287,7.4,7.4,1.0,Government,,,IOCL,Type-II AC,South,1456.814208984375,2.0,0.0,0.0,0.0,0.0,0.0
811,CHG_0457,2025-10,2025,10,MEDAK,1733.0,539.0,10.0,10.0,3,41,17.729047,78.473951,3.3,3.3,1.0,Private,,,KAZAM,Bharat AC-001,South,4410.916015625,30.0,10.0,8.0,2.0,3.0,1.0
409,CHG_0874,2025-10,2025,10,MEDAK,31087.0,1700.0,39.0,38.0,28,41,17.832167,78.230818,3.3,3.3,1.0,Government,,,HPCL,Bharat AC-001,South,1741.0565185546875,0.0,0.0,0.0,0.0,0.0,0.0
457,CHG_0006,2025-10,2025,10,MEDCHAL MALKAJGIRI,91660.0,2672.0,65.0,64.0,24,1593,17.377497,78.558085,3.3,3.3,1.0,Private,,,Ather,LEV DC Charge Point (IS-17017-2-7),South,6687.53271484375,14.0,1.0,0.0,0.0,0.0,1.0
458,CHG_0007,2025-10,2025,10,MEDCHAL MALKAJGIRI,91660.0,2672.0,65.0,64.0,24,1593,17.377497,78.558085,3.3,3.3,1.0,Private,,,Ather,LEV DC Charge Point (IS-17017-2-7),South,248.5762481689453,0.0,0.0,0.0,0.0,0.0,0.0
342,CHG_0009,2025-10,2025,10,MEDCHAL MALKAJGIRI,91660.0,2672.0,65.0,64.0,33,1593,17.39981,78.555117,3.3,3.3,1.0,Private,,,Ather,LEV DC Charge Point (IS-17017-2-7),South,4703.7822265625,36.0,0.0,5.0,0.0,3.0,6.0
459,CHG_0026,2025-10,2025,10,MEDCHAL MALKAJGIRI,91660.0,2672.0,65.0,64.0,24,1593,17.447469,78.57175,3.3,3.3,1.0,Private,,,Ather,LEV DC Charge Point (IS-17017-2-7),South,138.89340209960938,0.0,0.0,0.0,0.0,0.0,0.0
907,CHG_0031,2025-10,2025,10,MEDCHAL MALKAJGIRI,97164.0,1564.0,40.0,38.0,2,1593,17.486819,78.543127,3.3,3.3,1.0,Private,,,Ather,LEV DC Charge Point (IS-17017-2-7),South,4598.1083984375,2.0,1.0,0.0,2.0,0.0,0.0
908,CHG_0034,2025-10,2025,10,MEDCHAL MALKAJGIRI,97164.0,1564.0,40.0,38.0,2,1593,17.500244,78.474529,3.3,3.3,1.0,Private,,,Ather,LEV DC Charge Point (IS-17017-2-7),South,1845.62451171875,2.0,0.0,0.0,1.0,0.0,0.0
909,CHG_0037,2025-10,2025,10,MEDCHAL MALKAJGIRI,97164.0,1564.0,40.0,38.0,2,1593,17.513726,78.48993,3.3,3.3,1.0,Private,,,Ather,LEV DC Charge Point (IS-17017-2-7),South,2186.369140625,6.0,0.0,0.0,2.0,2.0,0.0
635,CHG_0046,2025-10,2025,10,MEDCHAL MALKAJGIRI,91660.0,2672.0,65.0,64.0,8,1593,17.466128,78.562443,50.0,50,2.0,Private,,,Fortum,Combo (CCS-II+CHAdeMO),South,2134.8525390625,0.0,0.0,0.0,0.0,0.0,0.0
665,CHG_0047,2025-10,2025,10,MEDCHAL MALKAJGIRI,91660.0,2672.0,65.0,64.0,7,1593,17.466128,78.562443,15.0,15,1.0,Private,,,Fortum,Bharat DC-001,South,1745.6439208984375,3.0,0.0,0.0,1.0,0.0,0.0
906,CHG_0054,2025-10,2025,10,MEDCHAL MALKAJGIRI,97164.0,1564.0,40.0,38.0,2,1593,17.444838,78.466949,15.0,15,1.0,Private,,,Fortum,Bharat DC-001,South,7433.32958984375,6.0,2.0,0.0,0.0,3.0,0.0
904,CHG_0055,2025-10,2025,10,MEDCHAL MALKAJGIRI,97164.0,1564.0,40.0,38.0,2,1593,17.444838,78.466949,50.0,50,2.0,Private,,,Fortum,Combo (CCS-II+CHAdeMO),South,14546.330078125,44.0,2.0,1.0,4.0,16.0,3.0
901,CHG_0058,2025-10,2025,10,MEDCHAL MALKAJGIRI,97164.0,1564.0,40.0,38.0,2,1593,17.44484,78.4671,50.0,50,2.0,Private,,,Fortum,Combo (CCS-II+CHAdeMO),South,5677.17724609375,30.0,5.0,0.0,0.0,0.0,0.0
902,CHG_0059,2025-10,2025,10,MEDCHAL MALKAJGIRI,97164.0,1564.0,40.0,38.0,2,1593,17.44484,78.4671,15.0,15,1.0,Private,,,Fortum,Bharat DC-001,South,4479.6884765625,10.0,0.0,0.0,4.0,0.0,3.0
903,CHG_0060,2025-10,2025,10,MEDCHAL MALKAJGIRI,97164.0,1564.0,40.0,38.0,2,1593,17.44484,78.4671,20.0,20,1.0,Private,,,Fortum,Bharat DC-001,South,13713.1376953125,33.0,9.0,1.0,4.0,7.0,1.0
787,CHG_0076,2025-10,2025,10,MEDCHAL MALKAJGIRI,91660.0,2672.0,65.0,64.0,4,1593,17.48359,78.5966,50.0,50,2.0,Private,,,Fortum,Combo (CCS-II+CHAdeMO),South,283.100341796875,1.0,0.0,0.0,1.0,0.0,0.0
786,CHG_0077,2025-10,2025,10,MEDCHAL MALKAJGIRI,91660.0,2672.0,65.0,64.0,4,1593,17.48359,78.5966,15.0,15,1.0,Private,,,Fortum,Bharat DC-001,South,4808.392578125,4.0,0.0,0.0,0.0,0.0,1.0
344,CHG_0078,2025-10,2025,10,MEDCHAL MALKAJGIRI,91660.0,2672.0,65.0,64.0,33,1593,17.399031,78.554874,15.0,15,1.0,Private,,,Fortum,Bharat DC-001,South,6082.21728515625,71.0,32.0,4.0,1.0,7.0,6.0
343,CHG_0079,2025-10,2025,10,MEDCHAL MALKAJGIRI,91660.0,2672.0,65.0,64.0,33,1593,17.399031,78.554874,50.0,50,2.0,Private,,,Fortum,Combo (CCS-II+CHAdeMO),South,6082.21728515625,71.0,32.0,4.0,1.0,7.0,6.0
285,CHG_0087,2025-10,2025,10,MEDCHAL MALKAJGIRI,91660.0,2672.0,65.0,64.0,33,1593,17.414084,78.547335,15.0,15,1.0,Private,,,Fortum,Bharat DC-001,South,13277.82421875,233.0,98.0,59.0,0.0,15.0,14.0
284,CHG_0088,2025-10,2025,10,MEDCHAL MALKAJGIRI,91660.0,2672.0,65.0,64.0,33,1593,17.414084,78.547335,50.0,50,2.0,Private,,,Fortum,Combo (CCS-II+CHAdeMO),South,5560.720703125,8.0,0.0,0.0,1.0,0.0,4.0
810,CHG_0089,2025-10,2025,10,MEDCHAL MALKAJGIRI,97164.0,1564.0,40.0,38.0,3,1593,17.436066,78.519164,15.0,15,1.0,Private,,,Fortum,Bharat DC-001,South,4410.916015625,30.0,10.0,8.0,2.0,3.0,1.0
905,CHG_0090,2025-10,2025,10,MEDCHAL MALKAJGIRI,97164.0,1564.0,40.0,38.0,2,1593,17.436066,78.519164,50.0,50,2.0,Private,,,Fortum,Combo (CCS-II+CHAdeMO),South,12140.2333984375,3.0,1.0,0.0,0.0,1.0,0.0
715,CHG_0114,2025-10,2025,10,MEDCHAL MALKAJGIRI,91660.0,2672.0,65.0,64.0,6,1593,17.450662,78.604403,7.0,7,1.0,Government,,,HPCL,Type-II AC,South,2275.394287109375,2.0,0.0,0.0,2.0,0.0,0.0
460,CHG_0120,2025-10,2025,10,MEDCHAL MALKAJGIRI,91660.0,2672.0,65.0,64.0,24,1593,17.408374,78.586556,7.0,7,1.0,Government,,,HPCL,Type-II AC,South,5235.22900390625,19.0,2.0,0.0,0.0,5.0,1.0
716,CHG_0121,2025-10,2025,10,MEDCHAL MALKAJGIRI,91660.0,2672.0,65.0,64.0,6,1593,17.391658,78.602426,7.0,7,1.0,Government,,,HPCL,Type-II AC,South,2275.394287109375,2.0,0.0,0.0,2.0,0.0,0.0
813,CHG_0145,2025-10,2025,10,MEDCHAL MALKAJGIRI,92107.0,1303.0,27.0,27.0,3,1593,17.379258,78.516163,7.4,7.4,1.0,Government,,,IOCL,Type-II AC,South,2757.823974609375,3.0,0.0,0.0,1.0,0.0,0.0
717,CHG_0163,2025-10,2025,10,MEDCHAL MALKAJGIRI,91660.0,2672.0,65.0,64.0,6,1593,17.481345,78.55553,7.4,7.4,1.0,Private,,,Joule,Type-II AC,South,200.3896331787109,0.0,0.0,0.0,0.0,0.0,0.0
718,CHG_0164,2025-10,2025,10,MEDCHAL MALKAJGIRI,91660.0,2672.0,65.0,64.0,6,1593,17.481345,78.555532,7.4,7.4,1.0,Private,,,Joule,Type-II AC,South,200.3896331787109,0.0,0.0,0.0,0.0,0.0,0.0
719,CHG_0165,2025-10,2025,10,MEDCHAL MALKAJGIRI,91660.0,2672.0,65.0,64.0,6,1593,17.48131,78.555473,30.0,30,1.0,Private,,,Joule,CCS-II,South,2243.428466796875,8.0,0.0,0.0,0.0,2.0,0.0
442,CHG_0187,2025-10,2025,10,MEDCHAL MALKAJGIRI,91660.0,2672.0,65.0,64.0,25,1593,17.456048,78.544441,3.3,3.3,1.0,Private,,,KAZAM,Bharat AC-001,South,762.3776245117188,2.0,0.0,0.0,2.0,0.0,0.0
663,CHG_0200,2025-10,2025,10,MEDCHAL MALKAJGIRI,91660.0,2672.0,65.0,64.0,7,1593,17.4661,78.5625,15.0,15,1.0,Government,,,REIL,Bharat DC-001,South,8382.951171875,31.0,0.0,0.0,1.0,14.0,1.0
714,CHG_0202,2025-10,2025,10,MEDCHAL MALKAJGIRI,91660.0,2672.0,65.0,64.0,6,1593,17.477205,78.564259,25.0,25,1.0,Government,,,REIL,CCS-II,South,1745.6439208984375,3.0,0.0,0.0,1.0,0.0,0.0
880,CHG_0217,2025-10,2025,10,MEDCHAL MALKAJGIRI,97164.0,1564.0,40.0,38.0,2,1593,17.50825,78.50251,15.0,15,1.0,Government,,,REIL,Bharat DC-001,South,11519.4365234375,26.0,7.0,0.0,1.0,2.0,1.0
605,CHG_0220,2025-10,2025,10,MEDCHAL MALKAJGIRI,97164.0,1564.0,40.0,38.0,9,1593,17.43983,78.5089,15.0,15,1.0,Government,,,REIL,Bharat DC-001,South,1577.748291015625,5.0,0.0,1.0,2.0,0.0,0.0
338,CHG_0230,2025-10,2025,10,MEDCHAL MALKAJGIRI,91660.0,2672.0,65.0,64.0,33,1593,17.39794,78.53363,15.0,15,1.0,Government,,,REIL,Bharat DC-001,South,3471.087646484375,1.0,0.0,0.0,0.0,0.0,0.0
664,CHG_0232,2025-10,2025,10,MEDCHAL MALKAJGIRI,97164.0,1564.0,40.0,38.0,7,1593,17.44582,78.51401,15.0,15,1.0,Government,,,REIL,Bharat DC-001,South,1745.6439208984375,3.0,0.0,0.0,1.0,0.0,0.0
356,CHG_0253,2025-10,2025,10,MEDCHAL MALKAJGIRI,91660.0,2672.0,65.0,64.0,33,1593,17.402559,78.573878,15.0,15,1.0,Government,,,REIL,Bharat DC-001,South,1116.3927001953125,2.0,0.0,0.0,1.0,0.0,0.0
491,CHG_0266,2025-10,2025,10,MEDCHAL MALKAJGIRI,91660.0,2672.0,65.0,64.0,21,1593,17.4633,78.56077,60.0,60,1.0,Private,,,Reliance BP,CCS-II,South,377.2863464355469,0.0,0.0,0.0,0.0,0.0,0.0
498,CHG_0267,2025-10,2025,10,MEDCHAL MALKAJGIRI,91660.0,2672.0,65.0,64.0,20,1593,17.4633,78.56077,60.0,60,1.0,Private,,,Reliance BP,CCS-II,South,9233.9365234375,19.0,0.0,0.0,3.0,3.0,0.0
514,CHG_0268,2025-10,2025,10,MEDCHAL MALKAJGIRI,91660.0,2672.0,65.0,64.0,18,1593,17.4633,78.56077,7.5,7.5,1.0,Private,,,Reliance BP,Type-II AC,South,482.9573669433594,1.0,0.0,0.0,0.0,0.0,0.0
306,CHG_0286,2025-10,2025,10,MEDCHAL MALKAJGIRI,91660.0,2672.0,65.0,64.0,33,1593,17.400215,78.554785,60.0,60,1.0,Private,,,Reliance BP,CCS-II,South,643.5619506835938,2.0,0.0,0.0,2.0,0.0,0.0
309,CHG_0287,2025-10,2025,10,MEDCHAL MALKAJGIRI,91660.0,2672.0,65.0,64.0,33,1593,17.400215,78.554785,60.0,60,1.0,Private,,,Reliance BP,CCS-II,South,471.3946228027344,3.0,0.0,0.0,0.0,0.0,0.0
882,CHG_0320,2025-10,2025,10,MEDCHAL MALKAJGIRI,97164.0,1564.0,40.0,38.0,2,1593,17.499345,78.541866,30.0,30,2.0,Private,,,Tata Power,Combo (CCS-II+CHAdeMO),South,14522.4296875,74.0,48.0,4.0,1.0,11.0,3.0
633,CHG_0341,2025-10,2025,10,MEDCHAL MALKAJGIRI,91660.0,2672.0,65.0,64.0,8,1593,17.3649,78.55747,30.0,30,2.0,Private,,,Tata Power,Combo (CCS-II+CHAdeMO),South,1288.783447265625,0.0,0.0,0.0,0.0,0.0,0.0
761,CHG_0380,2025-10,2025,10,MEDCHAL MALKAJGIRI,91660.0,2672.0,65.0,64.0,5,1593,17.48081,78.57715,15.0,15,1.0,Private,,,Tata Power,Bharat DC-001,South,633.6669921875,6.0,0.0,0.0,4.0,0.0,0.0
471,CHG_0399,2025-10,2025,10,MEDCHAL MALKAJGIRI,91660.0,2672.0,65.0,64.0,23,1593,17.372529,78.56534,60.0,60,2.0,Government,,,BPCL,CCS,South,482.9797668457031,3.0,0.0,0.0,0.0,1.0,0.0
879,CHG_0401,2025-10,2025,10,MEDCHAL MALKAJGIRI,92107.0,1303.0,27.0,27.0,2,1593,17.382415,78.518343,60.0,60,2.0,Government,,,BPCL,CCS,South,12971.1474609375,11.0,1.0,0.0,0.0,5.0,1.0
881,CHG_0403,2025-10,2025,10,MEDCHAL MALKAJGIRI,97164.0,1564.0,40.0,38.0,2,1593,17.46936,78.487883,3.0,3,1.0,Government,,,BPCL,Bharat AC,South,9244.146484375,45.0,6.0,1.0,5.0,1.0,17.0
351,CHG_0470,2025-10,2025,10,MEDCHAL MALKAJGIRI,84006.0,2238.0,53.0,49.0,33,1593,17.563381,78.414399,7.0,7,1.0,Government,,,HPCL,Type-II AC,South,1178.364501953125,0.0,0.0,0.0,0.0,0.0,0.0
443,CHG_0471,2025-10,2025,10,MEDCHAL MALKAJGIRI,84006.0,2238.0,53.0,49.0,25,1593,17.533886,78.39367,7.0,7,1.0,Government,,,HPCL,Type-II AC,South,524.24560546875,25.0,0.0,0.0,1.0,1.0,5.0
760,CHG_0472,2025-10,2025,10,MEDCHAL MALKAJGIRI,91660.0,2672.0,65.0,64.0,5,1593,17.45034,78.60962,60.0,60,1.0,Government,,,IOCL,CCS-II,South,183.35910034179688,0.0,0.0,0.0,0.0,0.0,0.0
759,CHG_0473,2025-10,2025,10,MEDCHAL MALKAJGIRI,91660.0,2672.0,65.0,64.0,5,1593,17.45034,78.60962,60.0,60,1.0,Government,,,IOCL,CCS-II,South,265.4701843261719,0.0,0.0,0.0,0.0,0.0,0.0
350,CHG_0474,2025-10,2025,10,MEDCHAL MALKAJGIRI,91660.0,2672.0,65.0,64.0,33,1593,17.401753,78.571562,30.0,30,1.0,Government,,,IOCL,CCS-II,South,1593.801025390625,4.0,0.0,0.0,2.0,0.0,0.0
283,CHG_0479,2025-10,2025,10,MEDCHAL MALKAJGIRI,84006.0,2238.0,53.0,49.0,33,1593,17.615578,78.485489,30.0,30,1.0,Government,,,IOCL,CCS-II,South,8862.3330078125,8.0,4.0,0.0,0.0,2.0,0.0
707,CHG_0480,2025-10,2025,10,MEDCHAL MALKAJGIRI,91660.0,2672.0,65.0,64.0,6,1593,17.411986,78.608962,30.0,30,1.0,Government,,,IOCL,CCS-II,South,3945.8330078125,0.0,0.0,0.0,0.0,0.0,0.0
293,CHG_0481,2025-10,2025,10,MEDCHAL MALKAJGIRI,84006.0,2238.0,53.0,49.0,33,1593,17.597187,78.479233,7.4,7.4,1.0,Government,,,IOCL,Type-II AC,South,4883.857421875,10.0,0.0,0.0,0.0,0.0,2.0
877,CHG_0482,2025-10,2025,10,MEDCHAL MALKAJGIRI,97164.0,1564.0,40.0,38.0,2,1593,17.50837,78.5413,60.0,60,1.0,Government,,,IOCL,CCS-II,South,13375.7001953125,49.0,22.0,3.0,2.0,7.0,2.0
878,CHG_0483,2025-10,2025,10,MEDCHAL MALKAJGIRI,97164.0,1564.0,40.0,38.0,2,1593,17.50837,78.5413,60.0,60,1.0,Government,,,IOCL,CCS-II,South,11066.0986328125,59.0,7.0,1.0,3.0,10.0,0.0
533,CHG_0484,2025-10,2025,10,MEDCHAL MALKAJGIRI,84006.0,2238.0,53.0,49.0,15,1593,17.544875,78.363342,3.3,3.3,1.0,Government,,,IOCL,LEV AC Charge point,South,10466.958984375,99.0,35.0,22.0,2.0,4.0,5.0
534,CHG_0487,2025-10,2025,10,MEDCHAL MALKAJGIRI,91660.0,2672.0,65.0,64.0,15,1593,17.367484,78.557522,60.0,60,1.0,Government,,,IOCL,CCS-II,South,8493.5830078125,102.0,33.0,27.0,4.0,7.0,2.0
546,CHG_0488,2025-10,2025,10,MEDCHAL MALKAJGIRI,91660.0,2672.0,65.0,64.0,13,1593,17.367484,78.557522,60.0,60,1.0,Government,,,IOCL,CCS-II,South,14637.775390625,56.0,8.0,1.0,2.0,16.0,10.0
427,CHG_0489,2025-10,2025,10,MEDCHAL MALKAJGIRI,91660.0,2672.0,65.0,64.0,26,1593,17.380295,78.557911,7.4,7.4,1.0,Government,,,IOCL,Type-II AC,South,344.9013977050781,0.0,0.0,0.0,0.0,0.0,0.0
706,CHG_0490,2025-10,2025,10,MEDCHAL MALKAJGIRI,91660.0,2672.0,65.0,64.0,6,1593,17.391003,78.604844,7.4,7.4,1.0,Government,,,IOCL,Type-II AC,South,8232.087890625,49.0,34.0,4.0,4.0,5.0,2.0
295,CHG_0491,2025-10,2025,10,MEDCHAL MALKAJGIRI,84006.0,2238.0,53.0,49.0,33,1593,17.584077,78.49105,3.3,3.3,1.0,Government,,,IOCL,LEV AC Charge point,South,1116.3927001953125,2.0,0.0,0.0,1.0,0.0,0.0
601,CHG_0492,2025-10,2025,10,MEDCHAL MALKAJGIRI,84006.0,2238.0,53.0,49.0,9,1593,17.52809,78.35515,30.0,30,1.0,Government,,,IOCL,CCS-II,South,3897.64794921875,15.0,0.0,0.0,0.0,0.0,1.0
317,CHG_0498,2025-10,2025,10,MEDCHAL MALKAJGIRI,84006.0,2238.0,53.0,49.0,33,1593,17.582874,78.427595,7.4,7.4,1.0,Government,,,IOCL,Type-II AC,South,13277.82421875,269.0,86.0,57.0,0.0,17.0,15.0
337,CHG_0499,2025-10,2025,10,MEDCHAL MALKAJGIRI,84006.0,2238.0,53.0,49.0,33,1593,17.629434,78.567503,3.3,3.3,1.0,Government,,,IOCL,LEV AC Charge point,South,4369.013671875,0.0,0.0,0.0,0.0,0.0,0.0
323,CHG_0500,2025-10,2025,10,MEDCHAL MALKAJGIRI,84006.0,2238.0,53.0,49.0,33,1593,17.567322,78.526287,7.4,7.4,1.0,Government,,,IOCL,Type-II AC,South,977.9664916992188,3.0,0.0,0.0,0.0,0.0,0.0
312,CHG_0501,2025-10,2025,10,MEDCHAL MALKAJGIRI,84006.0,2238.0,53.0,49.0,33,1593,17.593295,78.517025,3.3,3.3,1.0,Government,,,IOCL,LEV AC Charge point,South,13703.13671875,127.0,84.0,20.0,4.0,29.0,12.0
401,CHG_0505,2025-10,2025,10,MEDCHAL MALKAJGIRI,91660.0,2672.0,65.0,64.0,29,1593,17.385509,78.558688,7.4,7.4,1.0,Government,,,IOCL,Type-II AC,South,7385.46044921875,14.0,2.0,1.0,1.0,1.0,0.0
808,CHG_0506,2025-10,2025,10,MEDCHAL MALKAJGIRI,91660.0,2672.0,65.0,64.0,3,1593,17.462976,78.623868,7.4,7.4,1.0,Government,,,IOCL,Type-II AC,South,3658.484130859375,5.0,0.0,0.0,1.0,1.0,0.0
547,CHG_0509,2025-10,2025,10,MEDCHAL MALKAJGIRI,91660.0,2672.0,65.0,64.0,13,1593,17.37086,78.56853,7.0,7,1.0,Private,,,OLA,LEV DC Charge Point (IS-17017-2-6),South,12575.9443359375,84.0,60.0,9.0,4.0,16.0,4.0
469,CHG_0512,2025-10,2025,10,MEDCHAL MALKAJGIRI,91660.0,2672.0,65.0,64.0,23,1593,17.37258,78.56535,15.0,15,1.0,Government,,,REIL,Bharat DC-001,South,6304.462890625,6.0,0.0,0.0,4.0,0.0,0.0
400,CHG_0514,2025-10,2025,10,MEDCHAL MALKAJGIRI,84006.0,2238.0,53.0,49.0,29,1593,17.56,78.38,60.0,60,2.0,Government,,,BPCL,CCS,South,12691.388671875,35.0,4.0,1.0,3.0,4.0,2.0
349,CHG_0515,2025-10,2025,10,MEDCHAL MALKAJGIRI,91660.0,2672.0,65.0,64.0,33,1593,17.394138,78.559477,3.0,3,1.0,Government,,,BPCL,Bharat AC,South,480.2811584472656,2.0,0.0,0.0,0.0,1.0,0.0
886,CHG_0516,2025-10,2025,10,MEDCHAL MALKAJGIRI,97164.0,1564.0,40.0,38.0,2,1593,17.506618,78.516273,3.0,3,1.0,Government,,,BPCL,Bharat AC,South,12971.1474609375,11.0,1.0,0.0,0.0,5.0,1.0
887,CHG_0517,2025-10,2025,10,MEDCHAL MALKAJGIRI,97164.0,1564.0,40.0,38.0,2,1593,17.508248,78.502512,3.0,3,1.0,Government,,,BPCL,Bharat AC,South,9863.1259765625,29.0,6.0,1.0,1.0,3.0,3.0
455,CHG_0518,2025-10,2025,10,MEDCHAL MALKAJGIRI,91660.0,2672.0,65.0,64.0,24,1593,17.374526,78.558122,3.0,3,1.0,Government,,,BPCL,Bharat AC,South,10309.4794921875,159.0,27.0,24.0,1.0,10.0,4.0
888,CHG_0519,2025-10,2025,10,MEDCHAL MALKAJGIRI,97164.0,1564.0,40.0,38.0,2,1593,17.507837,78.478825,15.0,7,1.0,Government,,,BPCL,LEV DC,South,9863.1259765625,29.0,6.0,1.0,1.0,3.0,3.0
889,CHG_0520,2025-10,2025,10,MEDCHAL MALKAJGIRI,97164.0,1564.0,40.0,38.0,2,1593,17.507837,78.478825,60.0,60,2.0,Government,,,BPCL,CCS,South,9863.1259765625,29.0,6.0,1.0,1.0,3.0,3.0
890,CHG_0521,2025-10,2025,10,MEDCHAL MALKAJGIRI,97164.0,1564.0,40.0,38.0,2,1593,17.507837,78.478825,15.0,7,1.0,Government,,,BPCL,LEV DC,South,11701.580078125,47.0,18.0,0.0,4.0,10.0,2.0
440,CHG_0522,2025-10,2025,10,MEDCHAL MALKAJGIRI,91660.0,2672.0,65.0,64.0,25,1593,17.4167,78.584694,60.0,60,2.0,Government,,,BPCL,CCS,South,11655.357421875,108.0,59.0,9.0,4.0,14.0,2.0
482,CHG_0523,2025-10,2025,10,MEDCHAL MALKAJGIRI,91660.0,2672.0,65.0,64.0,22,1593,17.372578,78.565347,60.0,60,2.0,Government,,,BPCL,CCS,South,81.6712646484375,1.0,0.0,0.0,0.0,0.0,0.0
399,CHG_0524,2025-10,2025,10,MEDCHAL MALKAJGIRI,91660.0,2672.0,65.0,64.0,29,1593,17.437542,78.574074,3.0,3,1.0,Government,,,BPCL,Bharat AC,South,12691.388671875,35.0,4.0,1.0,3.0,4.0,2.0
414,CHG_0525,2025-10,2025,10,MEDCHAL MALKAJGIRI,91660.0,2672.0,65.0,64.0,27,1593,17.437542,78.574074,60.0,60,2.0,Government,,,BPCL,CCS,South,1956.8546142578125,3.0,0.0,0.0,2.0,0.0,0.0
375,CHG_0527,2025-10,2025,10,MEDCHAL MALKAJGIRI,91660.0,2672.0,65.0,64.0,31,1593,17.402195,78.573718,60.0,60,2.0,Government,,,BPCL,CCS,South,181.58724975585935,0.0,1.0,0.0,0.0,0.0,0.0
281,CHG_0528,2025-10,2025,10,MEDCHAL MALKAJGIRI,84006.0,2238.0,53.0,49.0,33,1593,17.636783,78.485357,30.0,30,1.0,Government,,,BPCL,CCS,South,5560.720703125,7.0,0.0,0.0,1.0,0.0,0.0
557,CHG_0529,2025-10,2025,10,MEDCHAL MALKAJGIRI,91660.0,2672.0,65.0,64.0,12,1593,17.370863,78.568527,15.0,7,1.0,Government,,,BPCL,LEV DC,South,173.11602783203125,2.0,0.0,0.0,0.0,1.0,0.0
603,CHG_0530,2025-10,2025,10,MEDCHAL MALKAJGIRI,91660.0,2672.0,65.0,64.0,9,1593,17.370863,78.568527,15.0,7,1.0,Government,,,BPCL,LEV DC,South,460.0711059570313,1.0,0.0,0.0,0.0,0.0,0.0
333,CHG_0531,2025-10,2025,10,MEDCHAL MALKAJGIRI,84006.0,2238.0,53.0,49.0,33,1593,17.616179,78.388214,60.0,60,2.0,Government,,,BPCL,CCS,South,617.5761108398438,1.0,0.0,0.0,0.0,0.0,0.0
662,CHG_0533,2025-10,2025,10,MEDCHAL MALKAJGIRI,91660.0,2672.0,65.0,64.0,7,1593,17.367808,78.578324,3.0,3,1.0,Government,,,BPCL,Bharat AC,South,1041.0616455078125,0.0,0.0,0.0,0.0,0.0,0.0
661,CHG_0534,2025-10,2025,10,MEDCHAL MALKAJGIRI,91660.0,2672.0,65.0,64.0,7,1593,17.367808,78.578324,60.0,60,2.0,Government,,,BPCL,CCS,South,990.3279418945312,3.0,0.0,0.0,1.0,0.0,0.0
883,CHG_0537,2025-10,2025,10,MEDCHAL MALKAJGIRI,97164.0,1564.0,40.0,38.0,2,1593,17.477072,78.420849,3.0,3,1.0,Government,,,BPCL,Bharat AC,South,5179.4619140625,18.0,6.0,0.0,1.0,1.0,0.0
280,CHG_0538,2025-10,2025,10,MEDCHAL MALKAJGIRI,84006.0,2238.0,53.0,49.0,33,1593,17.610098,78.487597,60.0,60,2.0,Government,,,BPCL,CCS,South,10449.05078125,45.0,5.0,4.0,1.0,9.0,7.0
489,CHG_0539,2025-10,2025,10,MEDCHAL MALKAJGIRI,84006.0,2238.0,53.0,49.0,21,1593,17.531,78.395,15.0,7,1.0,Government,,,BPCL,LEV DC,South,178.30868530273438,4.0,0.0,0.0,0.0,1.0,0.0
490,CHG_0540,2025-10,2025,10,MEDCHAL MALKAJGIRI,84006.0,2238.0,53.0,49.0,21,1593,17.531,78.395,15.0,7,1.0,Government,,,BPCL,LEV DC,South,4857.63720703125,56.0,14.0,2.0,4.0,4.0,1.0
807,CHG_0541,2025-10,2025,10,MEDCHAL MALKAJGIRI,91660.0,2672.0,65.0,64.0,3,1593,17.464409,78.620285,60.0,60,2.0,Government,,,BPCL,CCS,South,2245.595458984375,4.0,0.0,0.0,0.0,1.0,0.0
806,CHG_0542,2025-10,2025,10,MEDCHAL MALKAJGIRI,91660.0,2672.0,65.0,64.0,3,1593,17.422639,78.640713,15.0,7,1.0,Government,,,BPCL,LEV DC,South,2245.595458984375,4.0,0.0,0.0,0.0,1.0,0.0
346,CHG_0544,2025-10,2025,10,MEDCHAL MALKAJGIRI,84006.0,2238.0,53.0,49.0,33,1593,17.593106,78.569747,60.0,60,2.0,Government,,,BPCL,CCS,South,9110.677734375,69.0,46.0,2.0,3.0,8.0,3.0
359,CHG_0545,2025-10,2025,10,MEDCHAL MALKAJGIRI,84006.0,2238.0,53.0,49.0,33,1593,17.544335,78.433703,3.0,3,1.0,Government,,,BPCL,Bharat AC,South,12354.0703125,174.0,89.0,31.0,2.0,7.0,21.0
382,CHG_0546,2025-10,2025,10,MEDCHAL MALKAJGIRI,84006.0,2238.0,53.0,49.0,30,1593,17.533598,78.458934,3.0,3,1.0,Government,,,BPCL,Bharat AC,South,374.3274841308594,1.0,0.0,0.0,0.0,1.0,0.0
884,CHG_0547,2025-10,2025,10,MEDCHAL MALKAJGIRI,97164.0,1564.0,40.0,38.0,2,1593,17.493089,78.435446,3.0,3,1.0,Government,,,BPCL,Bharat AC,South,5179.4619140625,18.0,6.0,0.0,1.0,1.0,0.0
384,CHG_0548,2025-10,2025,10,MEDCHAL MALKAJGIRI,84006.0,2238.0,53.0,49.0,30,1593,17.657957,78.586615,60.0,60,2.0,Government,,,BPCL,CCS,South,9832.2578125,137.0,25.0,14.0,3.0,10.0,5.0
606,CHG_0550,2025-10,2025,10,MEDCHAL MALKAJGIRI,84006.0,2238.0,53.0,49.0,9,1593,17.533342,78.365109,3.0,3,1.0,Government,,,BPCL,Bharat AC,South,157.05450439453125,0.0,0.0,0.0,0.0,0.0,0.0
332,CHG_0552,2025-10,2025,10,MEDCHAL MALKAJGIRI,84006.0,2238.0,53.0,49.0,33,1593,17.631611,78.570332,60.0,60,2.0,Government,,,BPCL,CCS,South,13208.5830078125,128.0,26.0,9.0,6.0,26.0,11.0
587,CHG_0553,2025-10,2025,10,MEDCHAL MALKAJGIRI,84006.0,2238.0,53.0,49.0,9,1593,17.540734,78.362009,3.0,3,1.0,Government,,,BPCL,Bharat AC,South,440.2684020996094,0.0,0.0,0.0,0.0,0.0,0.0
578,CHG_0554,2025-10,2025,10,MEDCHAL MALKAJGIRI,84006.0,2238.0,53.0,49.0,9,1593,17.540734,78.362009,60.0,60,2.0,Government,,,BPCL,CCS,South,13005.6650390625,137.0,85.0,1.0,3.0,15.0,27.0
331,CHG_0555,2025-10,2025,10,MEDCHAL MALKAJGIRI,84006.0,2238.0,53.0,49.0,33,1593,17.54459,78.47359,3.0,3,1.0,Government,,,BPCL,Bharat AC,South,13703.13671875,127.0,84.0,20.0,4.0,29.0,12.0
355,CHG_0556,2025-10,2025,10,MEDCHAL MALKAJGIRI,84006.0,2238.0,53.0,49.0,33,1593,17.569728,78.556302,60.0,60,2.0,Government,,,BPCL,CCS,South,12354.0703125,174.0,89.0,31.0,2.0,7.0,21.0
410,CHG_0557,2025-10,2025,10,MEDCHAL MALKAJGIRI,91660.0,2672.0,65.0,64.0,27,1593,17.400961,78.579936,3.0,3,1.0,Government,,,BPCL,Bharat AC,South,9267.7998046875,16.0,9.0,2.0,0.0,1.0,3.0
425,CHG_0558,2025-10,2025,10,MEDCHAL MALKAJGIRI,91660.0,2672.0,65.0,64.0,26,1593,17.400961,78.579936,60.0,60,2.0,Government,,,BPCL,CCS,South,1603.6357421875,5.0,1.0,0.0,0.0,2.0,0.0
757,CHG_0559,2025-10,2025,10,MEDCHAL MALKAJGIRI,91660.0,2672.0,65.0,64.0,5,1593,17.471389,78.601486,3.0,3,1.0,Government,,,BPCL,Bharat AC,South,489.7686767578125,2.0,0.0,0.0,2.0,0.0,0.0
785,CHG_0560,2025-10,2025,10,MEDCHAL MALKAJGIRI,91660.0,2672.0,65.0,64.0,4,1593,17.471389,78.601486,60.0,60,2.0,Government,,,BPCL,CCS,South,4808.392578125,4.0,0.0,0.0,0.0,0.0,1.0
466,CHG_0562,2025-10,2025,10,MEDCHAL MALKAJGIRI,91660.0,2672.0,65.0,64.0,23,1593,17.396912,78.588487,3.0,3,1.0,Government,,,BPCL,Bharat AC,South,200.25588989257807,1.0,0.0,0.0,1.0,0.0,0.0
528,CHG_0563,2025-10,2025,10,MEDCHAL MALKAJGIRI,84006.0,2238.0,53.0,49.0,15,1593,17.5401,78.367844,60.0,60,2.0,Government,,,BPCL,CCS,South,13703.13671875,157.0,124.0,24.0,5.0,30.0,10.0
784,CHG_0661,2025-10,2025,10,MEDCHAL MALKAJGIRI,129106.0,2943.0,62.0,62.0,4,1593,17.40808,78.553847,50.0,50,2.0,Private,,,Fortum,Combo (CCS-II+CHAdeMO),South,6704.6728515625,30.0,3.0,0.0,1.0,9.0,0.0
783,CHG_0662,2025-10,2025,10,MEDCHAL MALKAJGIRI,129106.0,2943.0,62.0,62.0,4,1593,17.40808,78.553847,15.0,15,1.0,Private,,,Fortum,Bharat DC-001,South,4930.0498046875,4.0,0.0,0.0,0.0,0.0,1.0
712,CHG_0675,2025-10,2025,10,MEDCHAL MALKAJGIRI,129106.0,2943.0,62.0,62.0,6,1593,17.390742,78.558545,50.0,50,2.0,Private,,,Fortum,Combo (CCS-II+CHAdeMO),South,1745.6439208984375,3.0,0.0,0.0,1.0,0.0,0.0
711,CHG_0676,2025-10,2025,10,MEDCHAL MALKAJGIRI,129106.0,2943.0,62.0,62.0,6,1593,17.390742,78.558545,15.0,15,1.0,Private,,,Fortum,Bharat DC-001,South,1745.6439208984375,3.0,0.0,0.0,1.0,0.0,0.0
710,CHG_0748,2025-10,2025,10,MEDCHAL MALKAJGIRI,234276.0,2264.0,54.0,53.0,6,1593,17.470264,78.384618,7.4,7.4,1.0,Private,,,Joule,Type-II AC,South,508.3216857910156,3.0,0.0,0.0,0.0,0.0,0.0
709,CHG_0807,2025-10,2025,10,MEDCHAL MALKAJGIRI,129106.0,2943.0,62.0,62.0,6,1593,17.39414,78.55948,15.0,15,1.0,Government,,,REIL,Bharat DC-001,South,990.3279418945312,3.0,0.0,0.0,1.0,0.0,0.0
708,CHG_0812,2025-10,2025,10,MEDCHAL MALKAJGIRI,129106.0,2943.0,62.0,62.0,6,1593,17.397936,78.53363,15.0,7,1.0,Government,,,BPCL,LEV DC,South,9603.4736328125,11.0,1.0,3.0,0.0,1.0,0.0
695,CHG_0813,2025-10,2025,10,MEDCHAL MALKAJGIRI,129106.0,2943.0,62.0,62.0,6,1593,17.397936,78.53363,60.0,60,2.0,Government,,,BPCL,CCS,South,8232.087890625,44.0,32.0,5.0,4.0,5.0,1.0
756,CHG_0814,2025-10,2025,10,MEDCHAL MALKAJGIRI,129106.0,2943.0,62.0,62.0,5,1593,17.397936,78.53363,15.0,7,1.0,Government,,,BPCL,LEV DC,South,7355.17822265625,20.0,1.0,0.0,0.0,6.0,7.0
476,CHG_0422,2025-10,2025,10,NAGARKURNOOL,27736.0,958.0,24.0,24.0,22,21,16.395837,78.63615,3.3,3.3,1.0,Government,,,HPCL,Bharat AC-001,South,13148.001953125,56.0,35.0,0.0,3.0,1.0,2.0
516,CHG_0424,2025-10,2025,10,NAGARKURNOOL,27736.0,958.0,24.0,24.0,17,21,16.529869,78.215328,3.3,3.3,1.0,Government,,,HPCL,Bharat AC-001,South,3850.172607421875,7.0,0.0,1.0,0.0,0.0,0.0
436,CHG_0567,2025-10,2025,10,NAGARKURNOOL,8490.0,384.0,7.0,6.0,25,21,16.400328,78.63597,7.0,7,1.0,Government,,,HPCL,Type-II AC,South,6285.94580078125,31.0,2.0,0.0,0.0,4.0,0.0
550,CHG_0568,2025-10,2025,10,NAGARKURNOOL,8490.0,384.0,7.0,6.0,12,21,16.074729,78.26324,3.0,3,1.0,Government,,,HPCL,Bharat AC-001,South,12916.01953125,41.0,2.0,1.0,2.0,2.0,5.0
565,CHG_0569,2025-10,2025,10,NAGARKURNOOL,8490.0,384.0,7.0,6.0,10,21,16.416434,78.560431,3.3,3.3,1.0,Government,,,IOCL,LEV AC Charge point,South,11196.587890625,127.0,68.0,16.0,1.0,6.0,18.0
637,CHG_0570,2025-10,2025,10,NAGARKURNOOL,8490.0,384.0,7.0,6.0,7,21,16.183955,78.317312,3.3,3.3,1.0,Government,,,IOCL,LEV AC Charge point,South,13005.6650390625,139.0,86.0,1.0,3.0,15.0,28.0
639,CHG_0571,2025-10,2025,10,NAGARKURNOOL,8490.0,384.0,7.0,6.0,7,21,16.692651,78.691329,7.4,7.4,1.0,Government,,,IOCL,Type-II AC,South,11367.3876953125,31.0,1.0,3.0,1.0,4.0,0.0
809,CHG_0572,2025-10,2025,10,NAGARKURNOOL,8490.0,384.0,7.0,6.0,3,21,16.582274,78.564488,3.3,3.3,1.0,Government,,,IOCL,LEV AC Charge point,South,12140.2333984375,3.0,1.0,0.0,0.0,1.0,0.0
916,CHG_0573,2025-10,2025,10,NAGARKURNOOL,8490.0,384.0,7.0,6.0,0,21,16.619089,78.210779,3.3,3.3,1.0,Government,,,IOCL,LEV AC Charge point,South,421.74456787109375,1.0,0.0,0.0,0.0,0.0,1.0
308,CHG_0586,2025-10,2025,10,NALGONDA,17282.0,1738.0,36.0,36.0,33,204,17.208348,79.177221,15.0,15,1.0,Private,,,Fortum,Bharat DC-001,South,658.805419921875,2.0,0.0,1.0,1.0,1.0,0.0
307,CHG_0587,2025-10,2025,10,NALGONDA,17282.0,1738.0,36.0,36.0,33,204,17.179663,79.25894,15.0,15,1.0,Private,,,Fortum,Bharat DC-001,South,7343.748046875,77.0,35.0,3.0,1.0,8.0,6.0
334,CHG_0588,2025-10,2025,10,NALGONDA,17282.0,1738.0,36.0,36.0,33,204,17.1796,79.258706,15.0,15,1.0,Private,,,Fortum,Bharat DC-001,South,6082.21728515625,75.0,33.0,4.0,1.0,8.0,6.0
362,CHG_0589,2025-10,2025,10,NALGONDA,17282.0,1738.0,36.0,36.0,33,204,17.158136,79.311225,20.0,20,1.0,Private,,,Fortum,Bharat DC-001,South,543.7001342773438,2.0,0.0,0.0,0.0,0.0,0.0
361,CHG_0590,2025-10,2025,10,NALGONDA,17282.0,1738.0,36.0,36.0,33,204,17.106361,79.51907,7.0,7,1.0,Government,,,HPCL,Type-II AC,South,2958.413330078125,5.0,0.0,0.0,0.0,1.0,0.0
379,CHG_0591,2025-10,2025,10,NALGONDA,17282.0,1738.0,36.0,36.0,30,204,17.230286,79.009719,30.0,30,1.0,Government,,,HPCL,CCS-II,South,617.5761108398438,1.0,0.0,0.0,0.0,0.0,0.0
378,CHG_0592,2025-10,2025,10,NALGONDA,17282.0,1738.0,36.0,36.0,30,204,16.717617,79.647629,7.4,7.4,1.0,Government,,,HPCL,Type-II AC,South,13208.5830078125,128.0,26.0,9.0,6.0,26.0,11.0
430,CHG_0593,2025-10,2025,10,NALGONDA,17282.0,1738.0,36.0,36.0,25,204,16.874978,79.119423,7.4,7.4,1.0,Government,,,HPCL,Type-II AC,South,1067.488525390625,6.0,0.0,0.0,0.0,0.0,0.0
463,CHG_0594,2025-10,2025,10,NALGONDA,17282.0,1738.0,36.0,36.0,23,204,16.965885,79.467304,7.4,7.4,1.0,Government,,,HPCL,Type-II AC,South,13148.001953125,55.0,35.0,0.0,3.0,1.0,2.0
483,CHG_0595,2025-10,2025,10,NALGONDA,17282.0,1738.0,36.0,36.0,21,204,16.893027,78.966272,3.3,3.3,1.0,Government,,,HPCL,Bharat AC-001,South,12354.0703125,150.0,71.0,17.0,2.0,6.0,23.0
501,CHG_0596,2025-10,2025,10,NALGONDA,17282.0,1738.0,36.0,36.0,19,204,16.696269,79.600731,7.4,7.4,1.0,Government,,,HPCL,Type-II AC,South,8371.765625,18.0,3.0,0.0,1.0,6.0,0.0
521,CHG_0597,2025-10,2025,10,NALGONDA,17282.0,1738.0,36.0,36.0,16,204,16.727798,78.966408,7.4,7.4,1.0,Government,,,HPCL,Type-II AC,South,1570.9981689453125,6.0,0.0,0.0,0.0,2.0,0.0
519,CHG_0598,2025-10,2025,10,NALGONDA,17282.0,1738.0,36.0,36.0,16,204,16.89734,79.15026,7.4,7.4,1.0,Government,,,HPCL,Type-II AC,South,12592.75390625,139.0,26.0,9.0,6.0,25.0,11.0
520,CHG_0599,2025-10,2025,10,NALGONDA,17282.0,1738.0,36.0,36.0,16,204,16.775346,78.899109,7.4,7.4,1.0,Government,,,IOCL,Type-II AC,South,47.26412582397461,4.0,0.0,0.0,0.0,0.0,0.0
567,CHG_0600,2025-10,2025,10,NALGONDA,17282.0,1738.0,36.0,36.0,10,204,16.75176,79.511063,3.3,3.3,1.0,Government,,,IOCL,LEV AC Charge point,South,12692.978515625,38.0,8.0,2.0,1.0,7.0,0.0
566,CHG_0601,2025-10,2025,10,NALGONDA,17282.0,1738.0,36.0,36.0,10,204,16.843074,79.527453,7.4,7.4,1.0,Government,,,IOCL,Type-II AC,South,13894.173828125,199.0,39.0,28.0,8.0,23.0,23.0
674,CHG_0602,2025-10,2025,10,NALGONDA,17282.0,1738.0,36.0,36.0,6,204,16.92929,79.544858,3.3,3.3,1.0,Government,,,IOCL,LEV AC Charge point,South,13894.173828125,179.0,51.0,23.0,7.0,24.0,14.0
673,CHG_0603,2025-10,2025,10,NALGONDA,17282.0,1738.0,36.0,36.0,6,204,16.694828,79.572985,3.3,3.3,1.0,Government,,,IOCL,LEV AC Charge point,South,13894.173828125,179.0,51.0,23.0,7.0,24.0,14.0
694,CHG_0604,2025-10,2025,10,NALGONDA,17282.0,1738.0,36.0,36.0,6,204,16.629086,79.291162,7.4,7.4,1.0,Private,,,Joule,Type-II AC,South,594.3309326171875,0.0,0.0,0.0,0.0,0.0,0.0
672,CHG_0605,2025-10,2025,10,NALGONDA,17282.0,1738.0,36.0,36.0,6,204,17.231566,79.099293,60.0,60,1.0,Private,,,Reliance BP,CCS-II,South,12809.7080078125,44.0,13.0,2.0,0.0,17.0,2.0
733,CHG_0606,2025-10,2025,10,NALGONDA,17282.0,1738.0,36.0,36.0,5,204,17.231566,79.099293,60.0,60,1.0,Private,,,Reliance BP,CCS-II,South,12057.404296875,66.0,20.0,8.0,1.0,14.0,16.0
732,CHG_0607,2025-10,2025,10,NALGONDA,17282.0,1738.0,36.0,36.0,5,204,17.231681,79.09995,30.0,30,1.0,Private,,,Tata Power,CCS-II,South,7630.77490234375,5.0,1.0,0.0,2.0,0.0,0.0
731,CHG_0608,2025-10,2025,10,NALGONDA,17282.0,1738.0,36.0,36.0,5,204,16.991031,79.44047,30.0,30,1.0,Private,,,Tata Power,CCS-II,South,5687.97998046875,0.0,0.0,1.0,0.0,0.0,0.0
730,CHG_0610,2025-10,2025,10,NALGONDA,17282.0,1738.0,36.0,36.0,5,204,17.041645,79.265196,30.0,30,1.0,Private,,,Tata Power,CCS-II,South,5687.97998046875,0.0,0.0,1.0,0.0,0.0,0.0
729,CHG_0611,2025-10,2025,10,NALGONDA,17282.0,1738.0,36.0,36.0,5,204,17.012805,79.245548,25.0,25,1.0,Private,,,Tata Power,CCS-II,South,8113.6259765625,23.0,9.0,0.0,0.0,2.0,3.0
768,CHG_0613,2025-10,2025,10,NALGONDA,17282.0,1738.0,36.0,36.0,4,204,17.069441,79.263884,3.0,3,1.0,Government,,,BPCL,Bharat AC,South,8607.48828125,18.0,14.0,1.0,3.0,6.0,1.0
801,CHG_0614,2025-10,2025,10,NALGONDA,17282.0,1738.0,36.0,36.0,3,204,17.211248,79.16733,3.0,3,1.0,Government,,,BPCL,Bharat AC,South,1344.123291015625,1.0,0.0,0.0,0.0,0.0,0.0
800,CHG_0615,2025-10,2025,10,NALGONDA,17282.0,1738.0,36.0,36.0,3,204,17.211248,79.16733,60.0,60,2.0,Government,,,BPCL,CCS,South,6474.25927734375,3.0,5.0,0.0,1.0,0.0,1.0
799,CHG_0616,2025-10,2025,10,NALGONDA,17282.0,1738.0,36.0,36.0,3,204,17.023996,79.338307,3.0,3,1.0,Government,,,BPCL,Bharat AC,South,3556.05078125,0.0,0.0,0.0,0.0,0.0,0.0
798,CHG_0617,2025-10,2025,10,NALGONDA,17282.0,1738.0,36.0,36.0,3,204,17.023996,79.338307,60.0,60,2.0,Government,,,BPCL,CCS,South,3556.05078125,0.0,0.0,0.0,0.0,0.0,0.0
797,CHG_0618,2025-10,2025,10,NALGONDA,17282.0,1738.0,36.0,36.0,3,204,16.962922,78.727799,3.0,3,1.0,Government,,,BPCL,Bharat AC,South,10919.427734375,35.0,3.0,4.0,5.0,2.0,9.0
796,CHG_0619,2025-10,2025,10,NALGONDA,17282.0,1738.0,36.0,36.0,3,204,16.962922,78.727799,60.0,60,2.0,Government,,,BPCL,CCS,South,11066.0986328125,59.0,7.0,1.0,3.0,10.0,0.0
795,CHG_0620,2025-10,2025,10,NALGONDA,17282.0,1738.0,36.0,36.0,3,204,17.207486,79.185863,3.0,3,1.0,Government,,,BPCL,Bharat AC,South,1754.8802490234375,1.0,0.0,0.0,0.0,0.0,0.0
828,CHG_0621,2025-10,2025,10,NALGONDA,17282.0,1738.0,36.0,36.0,2,204,16.905254,79.542557,3.0,3,1.0,Government,,,BPCL,Bharat AC,South,13894.173828125,192.0,52.0,29.0,9.0,22.0,13.0
641,CHG_0965,2025-10,2025,10,NALGONDA,27865.0,1309.0,27.0,27.0,7,204,17.212796,79.166746,25.0,25,2.0,Private,,,Tata Power,Combo (CCS-II+CHAdeMO),South,12527.927734375,41.0,7.0,1.0,9.0,7.0,2.0
767,CHG_0431,2025-10,2025,10,NARAYANPET,27736.0,958.0,24.0,24.0,4,27,17.017637,77.681468,3.3,3.3,1.0,Government,,,IOCL,LEV AC Charge point,South,732.0564575195312,0.0,0.0,0.0,0.0,0.0,0.0
766,CHG_0433,2025-10,2025,10,NARAYANPET,27736.0,958.0,24.0,24.0,4,27,16.429903,77.602638,3.3,3.3,1.0,Government,,,IOCL,LEV AC Charge point,South,113.94719696044922,7.0,0.0,0.0,0.0,3.0,0.0
765,CHG_0434,2025-10,2025,10,NARAYANPET,27736.0,958.0,24.0,24.0,4,27,16.481967,77.674081,3.3,3.3,1.0,Government,,,IOCL,LEV AC Charge point,South,609.7914428710938,0.0,0.0,0.0,0.0,0.0,0.0
824,CHG_0000,2025-10,2025,10,RANGAREDDY,19344.0,536.0,18.0,18.0,2,1858,17.259968,78.385917,3.3,3.3,1.0,Private,,,Ather,LEV DC Charge Point (IS-17017-2-7),South,12711.3583984375,104.0,30.0,3.0,4.0,12.0,27.0
823,CHG_0003,2025-10,2025,10,RANGAREDDY,92107.0,1303.0,27.0,27.0,2,1858,17.343403,78.545447,3.3,3.3,1.0,Private,,,Ather,LEV DC Charge Point (IS-17017-2-7),South,12711.3583984375,104.0,30.0,3.0,4.0,12.0,27.0
358,CHG_0023,2025-10,2025,10,RANGAREDDY,234276.0,2264.0,54.0,53.0,33,1858,17.438065,78.392418,3.3,3.3,1.0,Private,,,Ather,LEV DC Charge Point (IS-17017-2-7),South,12354.0703125,233.0,99.0,50.0,3.0,12.0,23.0
377,CHG_0027,2025-10,2025,10,RANGAREDDY,234276.0,2264.0,54.0,53.0,30,1858,17.452666,78.380343,3.3,3.3,1.0,Private,,,Ather,LEV DC Charge Point (IS-17017-2-7),South,13208.5830078125,128.0,26.0,9.0,6.0,26.0,11.0
376,CHG_0028,2025-10,2025,10,RANGAREDDY,234276.0,2264.0,54.0,53.0,30,1858,17.452666,78.380343,3.3,3.3,1.0,Private,,,Ather,LEV DC Charge Point (IS-17017-2-7),South,13208.5830078125,128.0,26.0,9.0,6.0,26.0,11.0
728,CHG_0029,2025-10,2025,10,RANGAREDDY,234276.0,2264.0,54.0,53.0,5,1858,17.456842,78.364575,3.3,3.3,1.0,Private,,,Ather,LEV DC Charge Point (IS-17017-2-7),South,230.61639404296875,3.0,0.0,0.0,0.0,0.0,0.0
727,CHG_0041,2025-10,2025,10,RANGAREDDY,234276.0,2264.0,54.0,53.0,5,1858,17.424272,78.379436,25.0,25,1.0,Private,,,Exicom,CCS-II,South,11428.6005859375,77.0,26.0,4.0,0.0,13.0,6.0
676,CHG_0068,2025-10,2025,10,RANGAREDDY,234276.0,2264.0,54.0,53.0,6,1858,17.432389,78.373194,15.0,15,1.0,Private,,,Fortum,Bharat DC-001,South,633.936767578125,1.0,0.0,0.0,0.0,1.0,0.0
680,CHG_0069,2025-10,2025,10,RANGAREDDY,234276.0,2264.0,54.0,53.0,6,1858,17.432389,78.373194,15.0,15,1.0,Private,,,Fortum,Bharat DC-001,South,13012.56640625,70.0,108.0,4.0,1.0,15.0,2.0
679,CHG_0070,2025-10,2025,10,RANGAREDDY,234276.0,2264.0,54.0,53.0,6,1858,17.434609,78.369647,15.0,15,1.0,Private,,,Fortum,Bharat DC-001,South,13012.56640625,70.0,108.0,4.0,1.0,15.0,2.0
464,CHG_0071,2025-10,2025,10,RANGAREDDY,234276.0,2264.0,54.0,53.0,23,1858,17.459252,78.385218,15.0,15,1.0,Private,,,Fortum,Bharat DC-001,South,13148.001953125,56.0,35.0,0.0,3.0,1.0,2.0
419,CHG_0106,2025-10,2025,10,RANGAREDDY,234276.0,2264.0,54.0,53.0,26,1858,17.45926,78.3856,50.0,50,2.0,Private,,,Fortum,Combo (CCS-II+CHAdeMO),South,4857.63720703125,50.0,12.0,1.0,4.0,3.0,1.0
431,CHG_0107,2025-10,2025,10,RANGAREDDY,234276.0,2264.0,54.0,53.0,25,1858,17.45926,78.3856,15.0,15,1.0,Private,,,Fortum,Bharat DC-001,South,664.7289428710938,0.0,0.0,0.0,0.0,0.0,0.0
825,CHG_0108,2025-10,2025,10,RANGAREDDY,19344.0,536.0,18.0,18.0,2,1858,17.3029,78.42074,50.0,50,2.0,Private,,,Fortum,Combo (CCS-II+CHAdeMO),South,8328.4501953125,85.0,25.0,5.0,1.0,16.0,6.0
826,CHG_0112,2025-10,2025,10,RANGAREDDY,19344.0,536.0,18.0,18.0,2,1858,17.327515,78.52635,7.0,7,1.0,Government,,,HPCL,Type-II AC,South,11134.166015625,72.0,19.0,4.0,2.0,8.0,3.0
736,CHG_0115,2025-10,2025,10,RANGAREDDY,234276.0,2264.0,54.0,53.0,5,1858,17.424272,78.379436,30.0,30,1.0,Government,,,HPCL,CCS-II,South,79.79199981689453,0.0,0.0,0.0,0.0,0.0,0.0
827,CHG_0123,2025-10,2025,10,RANGAREDDY,19344.0,536.0,18.0,18.0,2,1858,17.064889,78.473327,7.0,7,1.0,Government,,,HPCL,Type-II AC,South,11315.4130859375,50.0,9.0,0.0,4.0,11.0,2.0
642,CHG_0144,2025-10,2025,10,RANGAREDDY,19344.0,536.0,18.0,18.0,7,1858,17.3325,78.4395,7.4,7.4,1.0,Government,,,IOCL,Type-II AC,South,12527.927734375,41.0,7.0,0.0,9.0,7.0,2.0
353,CHG_0149,2025-10,2025,10,RANGAREDDY,234276.0,2264.0,54.0,53.0,33,1858,17.44058,78.3982,60.0,60,1.0,Government,,,IOCL,CCS-II,South,13221.2197265625,78.0,41.0,0.0,6.0,10.0,2.0
357,CHG_0150,2025-10,2025,10,RANGAREDDY,234276.0,2264.0,54.0,53.0,33,1858,17.44058,78.3982,60.0,60,1.0,Government,,,IOCL,CCS-II,South,8874.9130859375,35.0,6.0,0.0,0.0,11.0,4.0
678,CHG_0155,2025-10,2025,10,RANGAREDDY,91660.0,2672.0,65.0,64.0,6,1858,17.349311,78.553534,30.0,30,1.0,Government,,,IOCL,CCS-II,South,4104.11328125,13.0,2.0,0.0,0.0,0.0,4.0
816,CHG_0171,2025-10,2025,10,RANGAREDDY,19344.0,536.0,18.0,18.0,2,1858,17.240334,78.429286,120.0,60,1.0,Private,,,Joule,CCS-II,South,13229.7783203125,120.0,59.0,15.0,3.0,28.0,6.0
815,CHG_0172,2025-10,2025,10,RANGAREDDY,19344.0,536.0,18.0,18.0,2,1858,17.240334,78.429286,120.0,60,1.0,Private,,,Joule,CCS-II,South,13626.8544921875,112.0,7.0,4.0,1.0,15.0,23.0
817,CHG_0173,2025-10,2025,10,RANGAREDDY,19344.0,536.0,18.0,18.0,2,1858,17.240334,78.429286,120.0,60,1.0,Private,,,Joule,CCS-II,South,14280.0048828125,144.0,96.0,27.0,6.0,33.0,4.0
818,CHG_0174,2025-10,2025,10,RANGAREDDY,19344.0,536.0,18.0,18.0,2,1858,17.240334,78.429286,120.0,60,1.0,Private,,,Joule,CCS-II,South,14280.0048828125,144.0,96.0,27.0,6.0,33.0,4.0
303,CHG_0185,2025-10,2025,10,RANGAREDDY,234276.0,2264.0,54.0,53.0,33,1858,17.445935,78.395065,3.3,3.3,1.0,Private,,,KAZAM,Bharat AC-001,South,2673.35595703125,9.0,3.0,0.0,2.0,1.0,0.0
279,CHG_0188,2025-10,2025,10,RANGAREDDY,234276.0,2264.0,54.0,53.0,33,1858,17.45,78.39,120.0,60,2.0,Private,,,Lioncharge,CCS-II,South,10449.05078125,45.0,5.0,4.0,1.0,9.0,7.0
819,CHG_0189,2025-10,2025,10,RANGAREDDY,19344.0,536.0,18.0,18.0,2,1858,17.30291,78.420742,15.0,15,1.0,Government,,,NTPC,Bharat DC-001,South,14794.767578125,84.0,31.0,14.0,2.0,15.0,12.0
771,CHG_0219,2025-10,2025,10,RANGAREDDY,234276.0,2264.0,54.0,53.0,4,1858,17.41795,78.38842,15.0,15,1.0,Government,,,REIL,Bharat DC-001,South,7343.748046875,60.0,20.0,3.0,1.0,2.0,5.0
529,CHG_0269,2025-10,2025,10,RANGAREDDY,234276.0,2264.0,54.0,53.0,15,1858,17.43436,78.3866,60.0,60,1.0,Private,,,Reliance BP,CCS-II,South,2528.372802734375,9.0,0.0,0.0,0.0,3.0,0.0
542,CHG_0270,2025-10,2025,10,RANGAREDDY,234276.0,2264.0,54.0,53.0,13,1858,17.43436,78.3866,60.0,60,1.0,Private,,,Reliance BP,CCS-II,South,12244.1025390625,46.0,31.0,0.0,2.0,1.0,2.0
551,CHG_0271,2025-10,2025,10,RANGAREDDY,234276.0,2264.0,54.0,53.0,12,1858,17.43436,78.3866,7.5,7.5,1.0,Private,,,Reliance BP,Type-II AC,South,13727.6806640625,63.0,11.0,1.0,2.0,12.0,11.0
314,CHG_0275,2025-10,2025,10,RANGAREDDY,234276.0,2264.0,54.0,53.0,33,1858,17.448213,78.384346,60.0,60,1.0,Private,,,Reliance BP,CCS-II,South,9134.638671875,137.0,46.0,9.0,7.0,16.0,12.0
318,CHG_0276,2025-10,2025,10,RANGAREDDY,234276.0,2264.0,54.0,53.0,33,1858,17.448213,78.384346,60.0,60,1.0,Private,,,Reliance BP,CCS-II,South,13277.82421875,269.0,86.0,57.0,0.0,17.0,15.0
319,CHG_0277,2025-10,2025,10,RANGAREDDY,234276.0,2264.0,54.0,53.0,33,1858,17.448213,78.384346,7.5,7.5,1.0,Private,,,Reliance BP,Type-II AC,South,13277.82421875,269.0,86.0,57.0,0.0,17.0,15.0
417,CHG_0284,2025-10,2025,10,RANGAREDDY,234276.0,2264.0,54.0,53.0,26,1858,17.447692,78.37888,60.0,60,1.0,Private,,,Reliance BP,CCS-II,South,8082.51513671875,46.0,14.0,1.0,2.0,4.0,2.0
418,CHG_0285,2025-10,2025,10,RANGAREDDY,234276.0,2264.0,54.0,53.0,26,1858,17.447692,78.37888,60.0,60,1.0,Private,,,Reliance BP,CCS-II,South,5973.34521484375,35.0,13.0,0.0,6.0,7.0,3.0
820,CHG_0317,2025-10,2025,10,RANGAREDDY,19344.0,536.0,18.0,18.0,2,1858,17.359176,78.426285,30.0,30,2.0,Private,,,Tata Power,Combo (CCS-II+CHAdeMO),South,14794.767578125,84.0,31.0,14.0,2.0,15.0,12.0
677,CHG_0319,2025-10,2025,10,RANGAREDDY,91660.0,2672.0,65.0,64.0,6,1858,17.352657,78.546636,30.0,30,2.0,Private,,,Tata Power,Combo (CCS-II+CHAdeMO),South,5274.689453125,2.0,0.0,1.0,0.0,1.0,0.0
735,CHG_0338,2025-10,2025,10,RANGAREDDY,234276.0,2264.0,54.0,53.0,5,1858,17.457774,78.36396,30.0,30,1.0,Private,,,Tata Power,CCS-II,South,594.3309326171875,0.0,0.0,0.0,0.0,0.0,0.0
770,CHG_0339,2025-10,2025,10,RANGAREDDY,234276.0,2264.0,54.0,53.0,4,1858,17.457774,78.36396,30.0,30,1.0,Private,,,Tata Power,CCS-II,South,7630.77490234375,5.0,1.0,0.0,2.0,0.0,0.0
769,CHG_0340,2025-10,2025,10,RANGAREDDY,234276.0,2264.0,54.0,53.0,4,1858,17.457774,78.36396,25.0,25,2.0,Private,,,Tata Power,Combo (CCS-II+CHAdeMO),South,8607.48828125,18.0,14.0,1.0,3.0,6.0,1.0
814,CHG_0360,2025-10,2025,10,RANGAREDDY,19344.0,536.0,18.0,18.0,2,1858,17.346516,78.521809,30.0,30,1.0,Private,,,Tata Power,CCS-II,South,13894.173828125,191.0,53.0,29.0,9.0,21.0,13.0
527,CHG_0361,2025-10,2025,10,RANGAREDDY,234276.0,2264.0,54.0,53.0,15,1858,17.441226,78.378531,7.4,7.4,1.0,Private,,,Tata Power,Type-II AC,South,13703.13671875,157.0,124.0,24.0,5.0,30.0,10.0
345,CHG_0362,2025-10,2025,10,RANGAREDDY,234276.0,2264.0,54.0,53.0,33,1858,17.45345,78.38334,25.0,25,2.0,Private,,,Tata Power,Combo (CCS-II+CHAdeMO),South,13221.2197265625,89.0,46.0,0.0,6.0,12.0,3.0
429,CHG_0373,2025-10,2025,10,RANGAREDDY,234276.0,2264.0,54.0,53.0,25,1858,17.449383,78.378638,60.0,60,1.0,Private,,,Tata Power,CCS-II,South,14506.2216796875,60.0,22.0,4.0,1.0,11.0,3.0
446,CHG_0374,2025-10,2025,10,RANGAREDDY,234276.0,2264.0,54.0,53.0,24,1858,17.449383,78.378638,60.0,60,1.0,Private,,,Tata Power,CCS-II,South,14163.0869140625,82.0,86.0,10.0,3.0,14.0,5.0
734,CHG_0381,2025-10,2025,10,RANGAREDDY,234276.0,2264.0,54.0,53.0,5,1858,17.44254,78.36302,15.0,15,1.0,Private,,,Tata Power,Bharat DC-001,South,594.3309326171875,0.0,0.0,0.0,0.0,0.0,0.0
638,CHG_0648,2025-10,2025,10,RANGAREDDY,129106.0,2943.0,62.0,62.0,7,1858,17.371318,78.511117,15.0,15,1.0,Private,,,Fortum,Bharat DC-001,South,11950.8515625,22.0,0.0,2.0,0.0,2.0,1.0
640,CHG_0649,2025-10,2025,10,RANGAREDDY,129106.0,2943.0,62.0,62.0,7,1858,17.371318,78.511117,50.0,50,2.0,Private,,,Fortum,Combo (CCS-II+CHAdeMO),South,11950.8515625,22.0,0.0,2.0,0.0,2.0,1.0
428,CHG_0652,2025-10,2025,10,RANGAREDDY,129106.0,2943.0,62.0,62.0,25,1858,17.361751,78.544145,15.0,15,1.0,Private,,,Fortum,Bharat DC-001,South,12097.9189453125,51.0,8.0,5.0,0.0,5.0,4.0
445,CHG_0653,2025-10,2025,10,RANGAREDDY,129106.0,2943.0,62.0,62.0,24,1858,17.361751,78.544145,50.0,50,2.0,Private,,,Fortum,Combo (CCS-II+CHAdeMO),South,14163.0869140625,81.0,86.0,10.0,3.0,14.0,5.0
539,CHG_0656,2025-10,2025,10,RANGAREDDY,129106.0,2943.0,62.0,62.0,13,1858,17.348941,78.513976,15.0,15,1.0,Private,,,Fortum,Bharat DC-001,South,12592.75390625,138.0,26.0,9.0,6.0,25.0,11.0
538,CHG_0657,2025-10,2025,10,RANGAREDDY,129106.0,2943.0,62.0,62.0,13,1858,17.348941,78.513976,50.0,50,2.0,Private,,,Fortum,Combo (CCS-II+CHAdeMO),South,13086.1767578125,128.0,27.0,13.0,4.0,21.0,28.0
764,CHG_0660,2025-10,2025,10,RANGAREDDY,234276.0,2264.0,54.0,53.0,4,1858,17.465763,78.367065,15.0,15,1.0,Private,,,Fortum,Bharat DC-001,South,440.7931213378906,0.0,0.0,0.0,0.0,0.0,0.0
915,CHG_0665,2025-10,2025,10,RANGAREDDY,53015.0,1564.0,37.0,36.0,0,1858,17.186461,78.473879,15.0,15,1.0,Private,,,Fortum,Bharat DC-001,South,862.9849853515625,1.0,0.0,0.0,0.0,0.0,0.0
723,CHG_0671,2025-10,2025,10,RANGAREDDY,129106.0,2943.0,62.0,62.0,5,1858,17.266334,78.539374,15.0,15,1.0,Private,,,Fortum,Bharat DC-001,South,10484.015625,133.0,79.0,23.0,7.0,25.0,6.0
762,CHG_0672,2025-10,2025,10,RANGAREDDY,129106.0,2943.0,62.0,62.0,4,1858,17.266334,78.539374,50.0,50,2.0,Private,,,Fortum,Combo (CCS-II+CHAdeMO),South,14166.7578125,106.0,19.0,2.0,4.0,13.0,25.0
310,CHG_0673,2025-10,2025,10,RANGAREDDY,129106.0,2943.0,62.0,62.0,33,1858,17.329761,78.552914,50.0,50,2.0,Private,,,Fortum,Combo (CCS-II+CHAdeMO),South,16152.669921875,136.0,47.0,11.0,4.0,23.0,22.0
330,CHG_0674,2025-10,2025,10,RANGAREDDY,129106.0,2943.0,62.0,62.0,33,1858,17.329761,78.552914,15.0,15,1.0,Private,,,Fortum,Bharat DC-001,South,13703.13671875,140.0,84.0,21.0,5.0,27.0,21.0
792,CHG_0679,2025-10,2025,10,RANGAREDDY,53015.0,1564.0,37.0,36.0,3,1858,17.298016,78.477031,15.0,15,1.0,Private,,,Fortum,Bharat DC-001,South,14280.0048828125,155.0,105.0,26.0,6.0,39.0,2.0
821,CHG_0680,2025-10,2025,10,RANGAREDDY,53015.0,1564.0,37.0,36.0,2,1858,17.298016,78.477031,50.0,50,2.0,Private,,,Fortum,Combo (CCS-II+CHAdeMO),South,8328.4501953125,88.0,29.0,6.0,1.0,15.0,6.0
461,CHG_0681,2025-10,2025,10,RANGAREDDY,234276.0,2264.0,54.0,53.0,23,1858,17.459252,78.385219,50.0,50,2.0,Private,,,Fortum,Combo (CCS-II+CHAdeMO),South,14163.0869140625,82.0,86.0,10.0,3.0,14.0,5.0
472,CHG_0682,2025-10,2025,10,RANGAREDDY,234276.0,2264.0,54.0,53.0,22,1858,17.459252,78.385219,15.0,15,1.0,Private,,,Fortum,Bharat DC-001,South,13646.501953125,114.0,48.0,22.0,6.0,16.0,10.0
405,CHG_0683,2025-10,2025,10,RANGAREDDY,53015.0,1564.0,37.0,36.0,28,1858,17.302966,78.420693,15.0,15,1.0,Private,,,Fortum,Bharat DC-001,South,926.3232421875,0.0,0.0,0.0,0.0,0.0,0.0
404,CHG_0684,2025-10,2025,10,RANGAREDDY,53015.0,1564.0,37.0,36.0,28,1858,17.302966,78.420693,50.0,50,2.0,Private,,,Fortum,Combo (CCS-II+CHAdeMO),South,14012.525390625,78.0,58.0,6.0,0.0,18.0,4.0
540,CHG_0687,2025-10,2025,10,RANGAREDDY,129106.0,2943.0,62.0,62.0,13,1858,17.348831,78.513991,15.0,15,1.0,Private,,,Fortum,Bharat DC-001,South,188.7048492431641,1.0,0.0,0.0,0.0,0.0,0.0
722,CHG_0688,2025-10,2025,10,RANGAREDDY,129106.0,2943.0,62.0,62.0,5,1858,17.266406,78.539383,15.0,15,1.0,Private,,,Fortum,Bharat DC-001,South,10484.015625,133.0,79.0,23.0,7.0,25.0,6.0
721,CHG_0689,2025-10,2025,10,RANGAREDDY,129106.0,2943.0,62.0,62.0,5,1858,17.266406,78.539383,50.0,50,2.0,Private,,,Fortum,Combo (CCS-II+CHAdeMO),South,13909.919921875,107.0,40.0,6.0,1.0,14.0,6.0
669,CHG_0690,2025-10,2025,10,RANGAREDDY,129106.0,2943.0,62.0,62.0,6,1858,17.32337,78.601717,3.0,3,1.0,Government,,,HPCL,Bharat AC-001,South,13005.6650390625,139.0,86.0,1.0,3.0,15.0,28.0
720,CHG_0695,2025-10,2025,10,RANGAREDDY,129106.0,2943.0,62.0,62.0,5,1858,17.32,78.61,30.0,30,1.0,Government,,,HPCL,CCS-II,South,11134.166015625,87.0,26.0,6.0,2.0,8.0,8.0
668,CHG_0696,2025-10,2025,10,RANGAREDDY,129106.0,2943.0,62.0,62.0,6,1858,17.305494,78.589815,30.0,30,1.0,Government,,,HPCL,CCS-II,South,14280.0048828125,156.0,105.0,26.0,6.0,39.0,2.0
507,CHG_0701,2025-10,2025,10,RANGAREDDY,53015.0,1564.0,37.0,36.0,18,1858,17.309396,78.448992,7.4,7.4,1.0,Government,,,HPCL,Type-II AC,South,11877.5185546875,41.0,2.0,3.0,1.0,4.0,6.0
278,CHG_0706,2025-10,2025,10,RANGAREDDY,53015.0,1564.0,37.0,36.0,33,1858,17.335453,78.410268,7.0,7,1.0,Government,,,HPCL,Type-II AC,South,13703.13671875,127.0,84.0,20.0,4.0,29.0,12.0
499,CHG_0709,2025-10,2025,10,RANGAREDDY,53015.0,1564.0,37.0,36.0,19,1858,17.360707,78.428206,60.0,60,1.0,Government,,,IOCL,CCS-II,South,191.45932006835935,2.0,0.0,0.0,1.0,0.0,0.0
500,CHG_0710,2025-10,2025,10,RANGAREDDY,53015.0,1564.0,37.0,36.0,19,1858,17.360707,78.428206,60.0,60,1.0,Government,,,IOCL,CCS-II,South,77.63158416748047,0.0,0.0,0.0,0.0,0.0,0.0
360,CHG_0711,2025-10,2025,10,RANGAREDDY,129106.0,2943.0,62.0,62.0,33,1858,17.342648,78.556039,7.4,7.4,1.0,Government,,,IOCL,Type-II AC,South,14557.4990234375,77.0,39.0,1.0,8.0,15.0,2.0
577,CHG_0712,2025-10,2025,10,RANGAREDDY,129106.0,2943.0,62.0,62.0,9,1858,17.33564,78.57896,7.4,7.4,1.0,Government,,,IOCL,Type-II AC,South,13005.6650390625,137.0,85.0,1.0,3.0,15.0,27.0
448,CHG_0725,2025-10,2025,10,RANGAREDDY,53015.0,1564.0,37.0,36.0,24,1858,17.3082,78.4325,7.4,7.4,1.0,Government,,,IOCL,Type-II AC,South,1563.50634765625,4.0,1.0,0.0,0.0,0.0,0.0
473,CHG_0728,2025-10,2025,10,RANGAREDDY,129106.0,2943.0,62.0,62.0,22,1858,17.33915,78.5678,30.0,30,1.0,Government,,,IOCL,CCS-II,South,12712.271484375,138.0,94.0,1.0,2.0,13.0,23.0
667,CHG_0732,2025-10,2025,10,RANGAREDDY,53015.0,1564.0,37.0,36.0,6,1858,17.278133,78.4081,60.0,60,1.0,Government,,,IOCL,CCS-II,South,13626.8544921875,70.0,8.0,3.0,2.0,6.0,5.0
666,CHG_0733,2025-10,2025,10,RANGAREDDY,53015.0,1564.0,37.0,36.0,6,1858,17.278133,78.4081,60.0,60,1.0,Government,,,IOCL,CCS-II,South,13626.8544921875,70.0,8.0,3.0,2.0,6.0,5.0
549,CHG_0734,2025-10,2025,10,RANGAREDDY,234276.0,2264.0,54.0,53.0,12,1858,17.4441,78.37675,30.0,30,1.0,Government,,,IOCL,CCS-II,South,12712.271484375,123.0,61.0,1.0,3.0,17.0,19.0
415,CHG_0735,2025-10,2025,10,RANGAREDDY,129106.0,2943.0,62.0,62.0,26,1858,17.340555,78.563666,60.0,60,1.0,Government,,,IOCL,CCS-II,South,14151.7041015625,128.0,29.0,8.0,5.0,20.0,26.0
416,CHG_0736,2025-10,2025,10,RANGAREDDY,129106.0,2943.0,62.0,62.0,26,1858,17.340555,78.563666,60.0,60,1.0,Government,,,IOCL,CCS-II,South,15031.9033203125,146.0,48.0,11.0,3.0,37.0,20.0
277,CHG_0738,2025-10,2025,10,RANGAREDDY,129106.0,2943.0,62.0,62.0,33,1858,17.33229,78.54195,7.4,7.4,1.0,Government,,,IOCL,Type-II AC,South,13703.13671875,127.0,84.0,20.0,4.0,29.0,12.0
670,CHG_0743,2025-10,2025,10,RANGAREDDY,53015.0,1564.0,37.0,36.0,6,1858,17.314849,78.459056,60.0,60,1.0,Government,,,IOCL,CCS-II,South,13005.6650390625,139.0,86.0,1.0,3.0,15.0,28.0
671,CHG_0744,2025-10,2025,10,RANGAREDDY,53015.0,1564.0,37.0,36.0,6,1858,17.314849,78.459056,60.0,60,1.0,Government,,,IOCL,CCS-II,South,8270.4501953125,30.0,6.0,0.0,0.0,12.0,4.0
474,CHG_0745,2025-10,2025,10,RANGAREDDY,129106.0,2943.0,62.0,62.0,22,1858,17.363575,78.543142,30.0,30,1.0,Private,,,Joule,CCS-II,South,13703.13671875,157.0,124.0,24.0,5.0,30.0,10.0
822,CHG_0746,2025-10,2025,10,RANGAREDDY,53015.0,1564.0,37.0,36.0,2,1858,17.260179,78.383238,7.4,7.4,1.0,Private,,,Joule,Type-II AC,South,8328.4501953125,88.0,29.0,6.0,1.0,15.0,6.0
910,CHG_0747,2025-10,2025,10,RANGAREDDY,53015.0,1564.0,37.0,36.0,1,1858,17.259976,78.383591,7.5,7.5,1.0,Private,,,Joule,Type-II AC,South,11134.166015625,72.0,19.0,4.0,2.0,8.0,3.0
282,CHG_0749,2025-10,2025,10,RANGAREDDY,129106.0,2943.0,62.0,62.0,33,1858,17.350558,78.543247,7.4,7.4,1.0,Private,,,Joule,Type-II AC,South,2426.487548828125,3.0,0.0,0.0,0.0,0.0,3.0
276,CHG_0750,2025-10,2025,10,RANGAREDDY,129106.0,2943.0,62.0,62.0,33,1858,17.350581,78.542938,10.0,3.3,1.0,Private,,,Joule,Bharat AC-001,South,13703.13671875,127.0,84.0,20.0,4.0,29.0,12.0
296,CHG_0751,2025-10,2025,10,RANGAREDDY,129106.0,2943.0,62.0,62.0,33,1858,17.350581,78.542938,10.0,3.3,1.0,Private,,,Joule,Bharat AC-001,South,9134.638671875,137.0,46.0,9.0,7.0,16.0,12.0
297,CHG_0752,2025-10,2025,10,RANGAREDDY,129106.0,2943.0,62.0,62.0,33,1858,17.350581,78.542938,10.0,3.3,1.0,Private,,,Joule,Bharat AC-001,South,10299.3349609375,258.0,122.0,54.0,1.0,9.0,23.0
526,CHG_0753,2025-10,2025,10,RANGAREDDY,129106.0,2943.0,62.0,62.0,15,1858,17.363576,78.543094,30.0,30,1.0,Private,,,Joule,CCS-II,South,12916.01953125,41.0,2.0,1.0,2.0,2.0,5.0
541,CHG_0756,2025-10,2025,10,RANGAREDDY,129106.0,2943.0,62.0,62.0,13,1858,17.335897,78.56947,7.4,7.4,1.0,Private,,,Joule,Type-II AC,South,12826.4375,54.0,14.0,4.0,4.0,7.0,2.0
335,CHG_0761,2025-10,2025,10,RANGAREDDY,53015.0,1564.0,37.0,36.0,33,1858,17.317335,78.402775,30.0,30,1.0,Private,,,Joule,CCS-II,South,12057.404296875,66.0,20.0,8.0,1.0,14.0,16.0
609,CHG_0762,2025-10,2025,10,RANGAREDDY,129106.0,2943.0,62.0,62.0,8,1858,17.305743,78.520752,3.3,3.3,1.0,Private,,,KAZAM,Bharat AC-001,South,9607.703125,49.0,12.0,4.0,2.0,8.0,0.0
515,CHG_0774,2025-10,2025,10,RANGAREDDY,53015.0,1564.0,37.0,36.0,17,1858,17.36587,78.42812,7.0,7,1.0,Private,,,OLA,LEV DC Charge Point (IS-17017-2-6),South,13377.86328125,74.0,10.0,0.0,2.0,4.0,8.0
492,CHG_0775,2025-10,2025,10,RANGAREDDY,234276.0,2264.0,54.0,53.0,20,1858,17.46073,78.38543,7.0,7,1.0,Private,,,OLA,LEV DC Charge Point (IS-17017-2-6),South,14163.0869140625,81.0,86.0,10.0,3.0,14.0,5.0
536,CHG_0784,2025-10,2025,10,RANGAREDDY,53015.0,1564.0,37.0,36.0,14,1858,17.36587,78.42812,15.0,15,1.0,Government,,,REIL,Bharat DC-001,South,12712.271484375,138.0,94.0,1.0,2.0,13.0,23.0
794,CHG_0791,2025-10,2025,10,RANGAREDDY,234276.0,2264.0,54.0,53.0,3,1858,17.41795,78.38842,15.0,15,1.0,Government,,,REIL,Bharat DC-001,South,599.3742065429688,0.0,0.0,0.0,0.0,0.0,0.0
462,CHG_0792,2025-10,2025,10,RANGAREDDY,53015.0,1564.0,37.0,36.0,23,1858,17.29925,78.41957,15.0,15,1.0,Government,,,REIL,Bharat DC-001,South,10767.5869140625,80.0,17.0,4.0,0.0,9.0,5.0
484,CHG_0795,2025-10,2025,10,RANGAREDDY,234276.0,2264.0,54.0,53.0,21,1858,17.4594,78.3848,7.5,7.5,1.0,Government,,,REIL,Type-II AC,South,13208.5830078125,128.0,26.0,9.0,6.0,26.0,11.0
365,CHG_0797,2025-10,2025,10,RANGAREDDY,53015.0,1564.0,37.0,36.0,33,1858,17.326299,78.434238,15.0,15,1.0,Government,,,REIL,Bharat DC-001,South,1105.743896484375,0.0,0.0,0.0,0.0,0.0,0.0
304,CHG_0799,2025-10,2025,10,RANGAREDDY,53015.0,1564.0,37.0,36.0,33,1858,17.317842,78.403597,15.0,15,1.0,Government,,,REIL,Bharat DC-001,South,7343.748046875,77.0,35.0,3.0,1.0,8.0,6.0
373,CHG_0800,2025-10,2025,10,RANGAREDDY,129106.0,2943.0,62.0,62.0,31,1858,17.34172,78.55907,15.0,15,1.0,Government,,,REIL,Bharat DC-001,South,1116.3927001953125,2.0,0.0,0.0,1.0,0.0,0.0
726,CHG_0801,2025-10,2025,10,RANGAREDDY,53015.0,1564.0,37.0,36.0,5,1858,17.381,78.367,15.0,15,1.0,Government,,,REIL,Bharat DC-001,South,12809.7080078125,44.0,13.0,2.0,0.0,17.0,2.0
352,CHG_0802,2025-10,2025,10,RANGAREDDY,129106.0,2943.0,62.0,62.0,33,1858,17.32988,78.55328,3.3,3.3,1.0,Government,,,REIL,Bharat AC-001,South,11688.8369140625,13.0,2.0,0.0,3.0,5.0,2.0
592,CHG_0803,2025-10,2025,10,RANGAREDDY,129106.0,2943.0,62.0,62.0,9,1858,17.33635,78.57926,15.0,15,1.0,Government,,,REIL,Bharat DC-001,South,8286.4130859375,23.0,0.0,0.0,1.0,2.0,1.0
610,CHG_0804,2025-10,2025,10,RANGAREDDY,129106.0,2943.0,62.0,62.0,8,1858,17.33635,78.57926,15.0,15,1.0,Government,,,REIL,Bharat DC-001,South,9607.703125,49.0,12.0,4.0,2.0,8.0,0.0
275,CHG_0808,2025-10,2025,10,RANGAREDDY,129106.0,2943.0,62.0,62.0,33,1858,17.3433,78.5399,3.0,3,1.0,Government,,,BPCL,Bharat AC,South,13703.13671875,127.0,84.0,20.0,4.0,29.0,12.0
274,CHG_0809,2025-10,2025,10,RANGAREDDY,129106.0,2943.0,62.0,62.0,33,1858,17.342441,78.547351,60.0,60,2.0,Government,,,BPCL,CCS,South,15006.5654296875,83.0,12.0,2.0,3.0,16.0,6.0
636,CHG_0810,2025-10,2025,10,RANGAREDDY,129106.0,2943.0,62.0,62.0,7,1858,17.336449,78.58031,3.0,3,1.0,Government,,,BPCL,Bharat AC,South,10484.015625,132.0,79.0,23.0,7.0,25.0,6.0
393,CHG_0816,2025-10,2025,10,RANGAREDDY,129106.0,2943.0,62.0,62.0,29,1858,17.341715,78.559068,60.0,60,2.0,Government,,,BPCL,CCS,South,13208.5830078125,128.0,26.0,9.0,6.0,26.0,11.0
793,CHG_0817,2025-10,2025,10,RANGAREDDY,234276.0,2264.0,54.0,53.0,3,1858,17.417946,78.388424,60.0,60,2.0,Government,,,BPCL,CCS,South,14984.37890625,186.0,86.0,6.0,1.0,27.0,17.0
493,CHG_0818,2025-10,2025,10,RANGAREDDY,53015.0,1564.0,37.0,36.0,20,1858,17.299248,78.419565,60.0,60,2.0,Government,,,BPCL,CCS,South,12592.75390625,139.0,26.0,9.0,6.0,25.0,11.0
725,CHG_0819,2025-10,2025,10,RANGAREDDY,53015.0,1564.0,37.0,36.0,5,1858,17.378547,78.370873,60.0,60,2.0,Government,,,BPCL,CCS,South,10859.9833984375,42.0,11.0,2.0,2.0,7.0,2.0
724,CHG_0820,2025-10,2025,10,RANGAREDDY,53015.0,1564.0,37.0,36.0,5,1858,17.381,78.367,15.0,7,1.0,Government,,,BPCL,LEV DC,South,14166.7578125,106.0,19.0,2.0,4.0,13.0,25.0
763,CHG_0821,2025-10,2025,10,RANGAREDDY,53015.0,1564.0,37.0,36.0,4,1858,17.381,78.367,15.0,7,1.0,Government,,,BPCL,LEV DC,South,14984.37890625,186.0,86.0,6.0,1.0,27.0,17.0
675,CHG_0822,2025-10,2025,10,RANGAREDDY,234276.0,2264.0,54.0,53.0,6,1858,17.432208,78.370605,60.0,60,2.0,Government,,,BPCL,CCS,South,12916.01953125,49.0,3.0,1.0,2.0,3.0,7.0
392,CHG_0824,2025-10,2025,10,RANGAREDDY,129106.0,2943.0,62.0,62.0,29,1858,17.326644,78.525941,15.0,7,1.0,Government,,,BPCL,LEV DC,South,14151.7041015625,128.0,29.0,8.0,5.0,20.0,26.0
391,CHG_0825,2025-10,2025,10,RANGAREDDY,129106.0,2943.0,62.0,62.0,29,1858,17.326644,78.525941,15.0,7,1.0,Government,,,BPCL,LEV DC,South,14151.7041015625,128.0,29.0,8.0,5.0,20.0,26.0
494,CHG_0826,2025-10,2025,10,RANGAREDDY,53015.0,1564.0,37.0,36.0,20,1858,17.316197,78.446607,60.0,60,2.0,Government,,,BPCL,CCS,South,12592.75390625,139.0,26.0,9.0,6.0,25.0,11.0
772,CHG_0830,2025-10,2025,10,RANGAREDDY,129106.0,2943.0,62.0,62.0,4,1858,17.320702,78.622373,3.0,3,1.0,Government,,,BPCL,Bharat AC,South,7343.748046875,60.0,20.0,3.0,1.0,2.0,5.0
423,CHG_0833,2025-10,2025,10,RANGAREDDY,129106.0,2943.0,62.0,62.0,26,1858,17.355892,78.530853,3.0,3,1.0,Government,,,BPCL,Bharat AC,South,10859.98828125,48.0,26.0,5.0,4.0,11.0,1.0
911,CHG_0840,2025-10,2025,10,RANGAREDDY,53015.0,1564.0,37.0,36.0,1,1858,17.223461,78.475433,60.0,60,2.0,Government,,,BPCL,CCS,South,14984.37890625,186.0,86.0,6.0,1.0,27.0,17.0
693,CHG_0841,2025-10,2025,10,RANGAREDDY,53015.0,1564.0,37.0,36.0,6,1858,17.351018,78.360348,60.0,60,2.0,Government,,,BPCL,CCS,South,696.03515625,0.0,0.0,0.0,0.0,0.0,0.0
543,CHG_0844,2025-10,2025,10,RANGAREDDY,129106.0,2943.0,62.0,62.0,13,1858,17.344284,78.570445,3.0,3,1.0,Government,,,BPCL,Bharat AC,South,10466.958984375,99.0,35.0,22.0,2.0,4.0,5.0
655,CHG_0845,2025-10,2025,10,RANGAREDDY,129106.0,2943.0,62.0,62.0,7,1858,17.290411,78.535545,3.0,3,1.0,Government,,,BPCL,Bharat AC,South,4255.31396484375,8.0,0.0,0.0,0.0,0.0,0.0
364,CHG_0847,2025-10,2025,10,RANGAREDDY,129106.0,2943.0,62.0,62.0,33,1858,17.341159,78.558448,3.0,3,1.0,Government,,,BPCL,Bharat AC,South,10859.98828125,62.0,34.0,4.0,5.0,11.0,1.0
273,CHG_0849,2025-10,2025,10,RANGAREDDY,53015.0,1564.0,37.0,36.0,33,1858,17.328349,78.418179,3.0,3,1.0,Government,,,BPCL,Bharat AC,South,13546.17578125,67.0,17.0,7.0,3.0,10.0,0.0
272,CHG_0850,2025-10,2025,10,RANGAREDDY,53015.0,1564.0,37.0,36.0,33,1858,17.328349,78.418179,60.0,60,2.0,Government,,,BPCL,CCS,South,9134.638671875,142.0,48.0,9.0,7.0,16.0,13.0
742,CHG_0851,2025-10,2025,10,RANGAREDDY,129106.0,2943.0,62.0,62.0,5,1858,17.332997,78.6112,3.0,3,1.0,Government,,,BPCL,Bharat AC,South,7040.419921875,144.0,67.0,13.0,1.0,11.0,2.0
654,CHG_0852,2025-10,2025,10,RANGAREDDY,129106.0,2943.0,62.0,62.0,7,1858,17.302901,78.586842,3.0,3,1.0,Government,,,BPCL,Bharat AC,South,7400.0419921875,6.0,0.0,0.0,1.0,1.0,0.0
553,CHG_0855,2025-10,2025,10,RANGAREDDY,53015.0,1564.0,37.0,36.0,12,1858,17.365872,78.428118,15.0,7,1.0,Government,,,BPCL,LEV DC,South,1210.839111328125,7.0,3.0,0.0,0.0,1.0,0.0
621,CHG_0856,2025-10,2025,10,RANGAREDDY,53015.0,1564.0,37.0,36.0,8,1858,17.365872,78.428118,15.0,7,1.0,Government,,,BPCL,LEV DC,South,13713.1376953125,42.0,15.0,7.0,5.0,8.0,3.0
390,CHG_0857,2025-10,2025,10,RANGAREDDY,53015.0,1564.0,37.0,36.0,29,1858,17.349616,78.416439,3.0,3,1.0,Government,,,BPCL,Bharat AC,South,13546.17578125,67.0,17.0,7.0,3.0,10.0,0.0
413,CHG_0858,2025-10,2025,10,RANGAREDDY,129106.0,2943.0,62.0,62.0,27,1858,17.331111,78.520278,60.0,60,2.0,Government,,,BPCL,CCS,South,818.5108642578125,1.0,0.0,0.0,0.0,0.0,1.0
692,CHG_0859,2025-10,2025,10,RANGAREDDY,53015.0,1564.0,37.0,36.0,6,1858,17.308716,78.475267,60.0,60,2.0,Government,,,BPCL,CCS,South,121.64266204833984,0.0,0.0,0.0,0.0,0.0,0.0
509,CHG_0861,2025-10,2025,10,RANGAREDDY,234276.0,2264.0,54.0,53.0,18,1858,17.460734,78.385425,15.0,7,1.0,Government,,,BPCL,LEV DC,South,11745.8212890625,19.0,1.0,1.0,0.0,2.0,0.0
522,CHG_0862,2025-10,2025,10,RANGAREDDY,234276.0,2264.0,54.0,53.0,16,1858,17.460734,78.385425,15.0,7,1.0,Government,,,BPCL,LEV DC,South,467.906005859375,2.0,0.0,0.0,0.0,0.0,0.0
367,CHG_0866,2025-10,2025,10,RANGAREDDY,31087.0,1700.0,39.0,38.0,32,1858,17.292046,78.413685,50.0,50,2.0,Private,,,Fortum,Combo (CCS-II+CHAdeMO),South,5405.04248046875,4.0,0.0,0.0,2.0,0.0,0.0
294,CHG_0864,2025-10,2025,10,SANGAREDDY,31087.0,1700.0,39.0,38.0,33,337,17.56817,78.16011,15.0,15,1.0,Private,,,Fortum,Bharat DC-001,South,2272.94384765625,0.0,0.0,0.0,0.0,0.0,0.0
354,CHG_0865,2025-10,2025,10,SANGAREDDY,31087.0,1700.0,39.0,38.0,33,337,17.56817,78.16011,15.0,15,1.0,Private,,,Fortum,Bharat DC-001,South,4184.88232421875,6.0,0.0,2.0,0.0,0.0,0.0
372,CHG_0867,2025-10,2025,10,SANGAREDDY,31087.0,1700.0,39.0,38.0,31,337,17.568126,78.159986,50.0,50,2.0,Private,,,Fortum,Combo (CCS-II+CHAdeMO),South,1116.3927001953125,2.0,0.0,0.0,1.0,0.0,0.0
371,CHG_0868,2025-10,2025,10,SANGAREDDY,31087.0,1700.0,39.0,38.0,31,337,17.568126,78.159986,15.0,15,1.0,Private,,,Fortum,Bharat DC-001,South,11034.51171875,60.0,35.0,4.0,4.0,8.0,2.0
370,CHG_0870,2025-10,2025,10,SANGAREDDY,31087.0,1700.0,39.0,38.0,31,337,17.697969,78.207712,3.3,3.3,1.0,Government,,,HPCL,Bharat AC-001,South,13221.2197265625,79.0,43.0,0.0,6.0,11.0,2.0
381,CHG_0871,2025-10,2025,10,SANGAREDDY,31087.0,1700.0,39.0,38.0,30,337,17.659482,78.175694,7.4,7.4,1.0,Government,,,HPCL,Type-II AC,South,793.552734375,2.0,0.0,0.0,0.0,0.0,0.0
380,CHG_0872,2025-10,2025,10,SANGAREDDY,31087.0,1700.0,39.0,38.0,30,337,17.667159,77.936089,3.3,3.3,1.0,Government,,,HPCL,Bharat AC-001,South,3287.94580078125,0.0,0.0,0.0,0.0,0.0,0.0
389,CHG_0873,2025-10,2025,10,SANGAREDDY,31087.0,1700.0,39.0,38.0,29,337,17.567432,78.159931,7.4,7.4,1.0,Government,,,HPCL,Type-II AC,South,13703.13671875,142.0,86.0,21.0,5.0,27.0,21.0
406,CHG_0875,2025-10,2025,10,SANGAREDDY,31087.0,1700.0,39.0,38.0,28,337,17.61711,77.97563,30.0,30,1.0,Government,,,HPCL,CCS-II,South,4479.6884765625,11.0,0.0,0.0,4.0,0.0,3.0
407,CHG_0876,2025-10,2025,10,SANGAREDDY,31087.0,1700.0,39.0,38.0,28,337,17.554308,78.192787,7.0,7,1.0,Government,,,HPCL,Type-II AC,South,4479.6884765625,11.0,0.0,0.0,4.0,0.0,3.0
411,CHG_0877,2025-10,2025,10,SANGAREDDY,31087.0,1700.0,39.0,38.0,27,337,17.571371,78.259156,7.4,7.4,1.0,Government,,,IOCL,Type-II AC,South,5973.34521484375,35.0,13.0,0.0,6.0,7.0,3.0
421,CHG_0878,2025-10,2025,10,SANGAREDDY,31087.0,1700.0,39.0,38.0,26,337,17.712516,78.201618,7.4,7.4,1.0,Government,,,IOCL,Type-II AC,South,10309.4794921875,166.0,35.0,33.0,2.0,12.0,4.0
433,CHG_0879,2025-10,2025,10,SANGAREDDY,31087.0,1700.0,39.0,38.0,25,337,17.59183,78.194177,3.3,3.3,1.0,Government,,,IOCL,LEV AC Charge point,South,13247.7265625,21.0,2.0,0.0,0.0,3.0,1.0
477,CHG_0880,2025-10,2025,10,SANGAREDDY,31087.0,1700.0,39.0,38.0,22,337,17.63097,78.325438,3.3,3.3,1.0,Government,,,IOCL,LEV AC Charge point,South,8745.9775390625,30.0,2.0,0.0,0.0,4.0,0.0
503,CHG_0881,2025-10,2025,10,SANGAREDDY,31087.0,1700.0,39.0,38.0,19,337,17.55138,78.054035,7.4,7.4,1.0,Government,,,IOCL,Type-II AC,South,13713.1376953125,33.0,9.0,1.0,5.0,7.0,2.0
508,CHG_0882,2025-10,2025,10,SANGAREDDY,31087.0,1700.0,39.0,38.0,18,337,17.65626,77.605988,3.3,3.3,1.0,Government,,,IOCL,LEV AC Charge point,South,11877.5185546875,41.0,2.0,3.0,1.0,4.0,6.0
591,CHG_0883,2025-10,2025,10,SANGAREDDY,31087.0,1700.0,39.0,38.0,9,337,17.583691,78.019914,3.3,3.3,1.0,Government,,,IOCL,LEV AC Charge point,South,12244.1025390625,46.0,31.0,0.0,2.0,1.0,2.0
625,CHG_0884,2025-10,2025,10,SANGAREDDY,31087.0,1700.0,39.0,38.0,8,337,17.765407,77.961764,3.3,3.3,1.0,Government,,,IOCL,LEV AC Charge point,South,2406.709228515625,6.0,0.0,0.0,2.0,1.0,0.0
624,CHG_0885,2025-10,2025,10,SANGAREDDY,31087.0,1700.0,39.0,38.0,8,337,17.64524,77.826308,50.0,25,1.0,Private,,,Tata Power,CCS-II,South,108.941162109375,2.0,0.0,0.0,0.0,0.0,0.0
623,CHG_0886,2025-10,2025,10,SANGAREDDY,31087.0,1700.0,39.0,38.0,8,337,17.64524,77.826308,50.0,25,1.0,Private,,,Tata Power,CCS-II,South,108.941162109375,2.0,0.0,0.0,0.0,0.0,0.0
622,CHG_0887,2025-10,2025,10,SANGAREDDY,31087.0,1700.0,39.0,38.0,8,337,17.586371,78.097625,30.0,30,1.0,Private,,,Tata Power,CCS-II,South,180.30918884277344,0.0,0.0,0.0,0.0,0.0,0.0
747,CHG_0888,2025-10,2025,10,SANGAREDDY,31087.0,1700.0,39.0,38.0,5,337,17.597642,78.056198,30.0,30,1.0,Private,,,Tata Power,CCS-II,South,7152.59130859375,13.0,1.0,1.0,1.0,0.0,3.0
746,CHG_0889,2025-10,2025,10,SANGAREDDY,31087.0,1700.0,39.0,38.0,5,337,17.627949,77.905782,30.0,30,1.0,Private,,,Tata Power,CCS-II,South,682.6055908203125,3.0,0.0,0.0,0.0,1.0,0.0
745,CHG_0890,2025-10,2025,10,SANGAREDDY,31087.0,1700.0,39.0,38.0,5,337,17.599339,78.051208,30.0,30,1.0,Private,,,Tata Power,CCS-II,South,682.6055908203125,3.0,0.0,0.0,0.0,1.0,0.0
744,CHG_0891,2025-10,2025,10,SANGAREDDY,31087.0,1700.0,39.0,38.0,5,337,17.626188,78.102382,30.0,30,1.0,Private,,,Tata Power,CCS-II,South,682.6055908203125,3.0,0.0,0.0,0.0,1.0,0.0
780,CHG_0892,2025-10,2025,10,SANGAREDDY,31087.0,1700.0,39.0,38.0,4,337,18.036227,77.778521,30.0,30,1.0,Private,,,Tata Power,CCS-II,South,11877.9228515625,100.0,56.0,8.0,1.0,11.0,3.0
779,CHG_0893,2025-10,2025,10,SANGAREDDY,31087.0,1700.0,39.0,38.0,4,337,17.520398,78.319751,3.0,3,1.0,Government,,,BPCL,Bharat AC,South,7040.419921875,144.0,67.0,13.0,1.0,11.0,2.0
778,CHG_0894,2025-10,2025,10,SANGAREDDY,31087.0,1700.0,39.0,38.0,4,337,17.520398,78.319751,60.0,60,2.0,Government,,,BPCL,CCS,South,7040.419921875,144.0,67.0,13.0,1.0,11.0,2.0
777,CHG_0895,2025-10,2025,10,SANGAREDDY,31087.0,1700.0,39.0,38.0,4,337,17.4637,78.2512,3.0,3,1.0,Government,,,BPCL,Bharat AC,South,4410.916015625,30.0,10.0,8.0,2.0,3.0,1.0
776,CHG_0896,2025-10,2025,10,SANGAREDDY,31087.0,1700.0,39.0,38.0,4,337,18.027766,77.779191,3.0,3,1.0,Government,,,BPCL,Bharat AC,South,559.125244140625,1.0,0.0,0.0,0.0,0.0,0.0
775,CHG_0897,2025-10,2025,10,SANGAREDDY,31087.0,1700.0,39.0,38.0,4,337,17.625809,77.915996,60.0,60,2.0,Government,,,BPCL,CCS,South,142.60928344726562,0.0,0.0,0.0,0.0,0.0,0.0
803,CHG_0898,2025-10,2025,10,SANGAREDDY,31087.0,1700.0,39.0,38.0,3,337,17.716952,77.547612,30.0,30,1.0,Government,,,BPCL,CCS,South,712.15673828125,3.0,0.0,1.0,1.0,0.0,0.0
802,CHG_0899,2025-10,2025,10,SANGAREDDY,31087.0,1700.0,39.0,38.0,3,337,17.560436,78.174805,60.0,60,2.0,Government,,,BPCL,CCS,South,712.15673828125,3.0,0.0,1.0,1.0,0.0,0.0
829,CHG_0900,2025-10,2025,10,SANGAREDDY,31087.0,1700.0,39.0,38.0,2,337,17.534749,78.247699,60.0,60,2.0,Government,,,BPCL,CCS,South,13894.173828125,192.0,52.0,29.0,9.0,22.0,13.0
830,CHG_0901,2025-10,2025,10,SANGAREDDY,31087.0,1700.0,39.0,38.0,2,337,17.6047,78.03099,30.0,30,1.0,Government,,,BPCL,CCS,South,13894.173828125,192.0,52.0,29.0,9.0,22.0,13.0
831,CHG_0902,2025-10,2025,10,SANGAREDDY,31087.0,1700.0,39.0,38.0,2,337,17.583536,78.105858,60.0,60,2.0,Government,,,BPCL,CCS,South,14794.767578125,66.0,27.0,13.0,2.0,14.0,12.0
369,CHG_0869,2025-10,2025,10,SIDDIPET,31087.0,1700.0,39.0,38.0,31,81,18.113762,78.76519,3.3,3.3,1.0,Government,,,HPCL,Bharat AC-001,South,13208.5830078125,128.0,26.0,9.0,6.0,26.0,11.0
324,CHG_0913,2025-10,2025,10,SIDDIPET,8840.0,895.0,18.0,17.0,33,81,17.939888,78.956295,7.0,7,1.0,Government,,,HPCL,Type-II AC,South,13478.4072265625,164.0,53.0,12.0,9.0,24.0,13.0
348,CHG_0914,2025-10,2025,10,SIDDIPET,8840.0,895.0,18.0,17.0,33,81,17.82027,78.730215,7.4,7.4,1.0,Government,,,HPCL,Type-II AC,South,11156.947265625,148.0,33.0,21.0,4.0,9.0,7.0
347,CHG_0915,2025-10,2025,10,SIDDIPET,8840.0,895.0,18.0,17.0,33,81,18.119352,78.877037,7.4,7.4,1.0,Government,,,HPCL,Type-II AC,South,4374.2138671875,5.0,0.0,0.0,0.0,1.0,0.0
465,CHG_0916,2025-10,2025,10,SIDDIPET,8840.0,895.0,18.0,17.0,23,81,18.161625,78.970924,3.3,3.3,1.0,Government,,,HPCL,Bharat AC-001,South,6997.97705078125,25.0,6.0,0.0,4.0,2.0,7.0
502,CHG_0917,2025-10,2025,10,SIDDIPET,8840.0,895.0,18.0,17.0,19,81,18.075539,78.859469,7.0,7,1.0,Government,,,HPCL,Type-II AC,South,1429.1273193359375,2.0,0.0,0.0,0.0,0.0,0.0
568,CHG_0918,2025-10,2025,10,SIDDIPET,8840.0,895.0,18.0,17.0,10,81,18.087928,78.839215,7.0,7,1.0,Government,,,HPCL,Type-II AC,South,1481.423095703125,7.0,0.0,0.0,0.0,1.0,0.0
586,CHG_0919,2025-10,2025,10,SIDDIPET,8840.0,895.0,18.0,17.0,9,81,17.836035,78.698425,7.0,7,1.0,Government,,,HPCL,Type-II AC,South,289.72784423828125,0.0,0.0,0.0,0.0,0.0,0.0
585,CHG_0920,2025-10,2025,10,SIDDIPET,8840.0,895.0,18.0,17.0,9,81,18.124529,78.836654,7.0,7,1.0,Government,,,HPCL,Type-II AC,South,12592.75390625,138.0,26.0,9.0,6.0,25.0,11.0
584,CHG_0921,2025-10,2025,10,SIDDIPET,8840.0,895.0,18.0,17.0,9,81,18.080969,78.828258,3.3,3.3,1.0,Government,,,IOCL,LEV AC Charge point,South,11196.587890625,122.0,56.0,15.0,1.0,5.0,17.0
583,CHG_0922,2025-10,2025,10,SIDDIPET,8840.0,895.0,18.0,17.0,9,81,17.854136,78.686098,3.3,3.3,1.0,Government,,,IOCL,LEV AC Charge point,South,13894.173828125,178.0,51.0,23.0,7.0,26.0,15.0
582,CHG_0923,2025-10,2025,10,SIDDIPET,8840.0,895.0,18.0,17.0,9,81,18.145149,78.935566,3.3,3.3,1.0,Government,,,IOCL,LEV AC Charge point,South,13894.173828125,178.0,51.0,23.0,7.0,26.0,15.0
581,CHG_0924,2025-10,2025,10,SIDDIPET,8840.0,895.0,18.0,17.0,9,81,17.954868,78.603127,3.3,3.3,1.0,Government,,,IOCL,LEV AC Charge point,South,13894.173828125,199.0,39.0,28.0,8.0,23.0,23.0
580,CHG_0925,2025-10,2025,10,SIDDIPET,8840.0,895.0,18.0,17.0,9,81,17.939194,78.631431,3.3,3.3,1.0,Government,,,IOCL,LEV AC Charge point,South,8880.2373046875,121.0,58.0,7.0,6.0,14.0,10.0
613,CHG_0926,2025-10,2025,10,SIDDIPET,8840.0,895.0,18.0,17.0,8,81,17.98447,78.56961,3.3,3.3,1.0,Government,,,IOCL,LEV AC Charge point,South,13005.6650390625,139.0,86.0,1.0,3.0,15.0,28.0
612,CHG_0927,2025-10,2025,10,SIDDIPET,8840.0,895.0,18.0,17.0,8,81,17.862178,78.742045,3.3,3.3,1.0,Government,,,IOCL,LEV AC Charge point,South,10484.015625,132.0,79.0,23.0,7.0,25.0,6.0
611,CHG_0928,2025-10,2025,10,SIDDIPET,8840.0,895.0,18.0,17.0,8,81,17.91669,78.97689,3.3,3.3,1.0,Government,,,IOCL,LEV AC Charge point,South,12368.3486328125,77.0,48.0,8.0,1.0,3.0,12.0
645,CHG_0929,2025-10,2025,10,SIDDIPET,8840.0,895.0,18.0,17.0,7,81,18.11532,78.852163,30.0,30,1.0,Private,,,Tata Power,CCS-II,South,9436.330078125,32.0,18.0,0.0,1.0,3.0,1.0
917,CHG_0930,2025-10,2025,10,SIDDIPET,8840.0,895.0,18.0,17.0,0,81,17.862936,78.744131,25.0,25,2.0,Private,,,Tata Power,Combo (CCS-II+CHAdeMO),South,176.8388214111328,1.0,0.0,0.0,0.0,0.0,0.0
743,CHG_0609,2025-10,2025,10,SURYAPET,17282.0,1738.0,36.0,36.0,5,72,16.994091,79.975967,30.0,30,1.0,Private,,,Tata Power,CCS-II,South,12153.7041015625,136.0,87.0,19.0,1.0,8.0,2.0
299,CHG_0943,2025-10,2025,10,SURYAPET,27865.0,1309.0,27.0,27.0,33,72,16.982319,80.003576,15.0,15,1.0,Private,,,Fortum,Bharat DC-001,South,12221.31640625,57.0,27.0,1.0,4.0,8.0,2.0
300,CHG_0944,2025-10,2025,10,SURYAPET,27865.0,1309.0,27.0,27.0,33,72,17.128326,79.637229,15.0,15,1.0,Private,,,Fortum,Bharat DC-001,South,702.1270141601562,1.0,0.0,0.0,1.0,0.0,0.0
298,CHG_0945,2025-10,2025,10,SURYAPET,27865.0,1309.0,27.0,27.0,33,72,17.145631,79.589817,15.0,15,1.0,Private,,,Fortum,Bharat DC-001,South,12221.31640625,57.0,27.0,1.0,4.0,8.0,2.0
301,CHG_0946,2025-10,2025,10,SURYAPET,27865.0,1309.0,27.0,27.0,33,72,17.151711,79.60734,15.0,15,1.0,Private,,,Fortum,Bharat DC-001,South,4345.31005859375,7.0,1.0,1.0,1.0,1.0,1.0
363,CHG_0947,2025-10,2025,10,SURYAPET,27865.0,1309.0,27.0,27.0,33,72,16.829627,80.045997,7.0,7,1.0,Government,,,HPCL,Type-II AC,South,9526.7626953125,12.0,1.0,1.0,1.0,3.0,0.0
412,CHG_0948,2025-10,2025,10,SURYAPET,27865.0,1309.0,27.0,27.0,27,72,17.115626,79.65912,30.0,30,1.0,Government,,,HPCL,CCS-II,South,10557.0078125,23.0,0.0,3.0,3.0,3.0,1.0
422,CHG_0949,2025-10,2025,10,SURYAPET,27865.0,1309.0,27.0,27.0,26,72,16.878224,79.869858,3.3,3.3,1.0,Government,,,HPCL,Bharat AC-001,South,10859.98828125,48.0,26.0,5.0,4.0,11.0,1.0
420,CHG_0950,2025-10,2025,10,SURYAPET,27865.0,1309.0,27.0,27.0,26,72,16.821398,79.874551,3.3,3.3,1.0,Government,,,HPCL,Bharat AC-001,South,10309.4794921875,166.0,35.0,33.0,2.0,12.0,4.0
434,CHG_0951,2025-10,2025,10,SURYAPET,27865.0,1309.0,27.0,27.0,25,72,17.023448,79.87114,7.4,7.4,1.0,Government,,,HPCL,Type-II AC,South,3406.43310546875,32.0,19.0,0.0,5.0,3.0,5.0
449,CHG_0952,2025-10,2025,10,SURYAPET,27865.0,1309.0,27.0,27.0,24,72,16.750931,79.834867,3.3,3.3,1.0,Government,,,HPCL,Bharat AC-001,South,518.2278442382812,2.0,0.0,0.0,0.0,0.0,0.0
552,CHG_0953,2025-10,2025,10,SURYAPET,27865.0,1309.0,27.0,27.0,12,72,16.765421,80.020509,3.3,3.3,1.0,Government,,,HPCL,Bharat AC-001,South,12244.1025390625,46.0,31.0,0.0,2.0,1.0,2.0
570,CHG_0954,2025-10,2025,10,SURYAPET,27865.0,1309.0,27.0,27.0,10,72,16.731231,79.701101,3.3,3.3,1.0,Government,,,IOCL,LEV AC Charge point,South,219.8936309814453,0.0,0.0,0.0,0.0,0.0,0.0
590,CHG_0955,2025-10,2025,10,SURYAPET,27865.0,1309.0,27.0,27.0,9,72,17.012228,79.906907,3.3,3.3,1.0,Government,,,IOCL,LEV AC Charge point,South,8787.4658203125,16.0,5.0,1.0,1.0,1.0,4.0
589,CHG_0956,2025-10,2025,10,SURYAPET,27865.0,1309.0,27.0,27.0,9,72,17.249268,79.664746,3.3,3.3,1.0,Government,,,IOCL,LEV AC Charge point,South,10278.8857421875,80.0,12.0,9.0,6.0,16.0,7.0
614,CHG_0957,2025-10,2025,10,SURYAPET,27865.0,1309.0,27.0,27.0,8,72,17.041285,79.668803,3.3,3.3,1.0,Government,,,IOCL,LEV AC Charge point,South,13005.6650390625,139.0,86.0,1.0,3.0,15.0,28.0
620,CHG_0958,2025-10,2025,10,SURYAPET,27865.0,1309.0,27.0,27.0,8,72,16.942136,80.039517,3.3,3.3,1.0,Government,,,IOCL,LEV AC Charge point,South,9343.1689453125,59.0,50.0,2.0,5.0,11.0,2.0
619,CHG_0959,2025-10,2025,10,SURYAPET,27865.0,1309.0,27.0,27.0,8,72,17.227071,79.713092,3.3,3.3,1.0,Government,,,IOCL,LEV AC Charge point,South,8280.9013671875,7.0,1.0,0.0,0.0,0.0,0.0
644,CHG_0960,2025-10,2025,10,SURYAPET,27865.0,1309.0,27.0,27.0,7,72,16.96781,79.71282,3.3,3.3,1.0,Government,,,IOCL,LEV AC Charge point,South,9436.330078125,32.0,18.0,0.0,1.0,3.0,1.0
643,CHG_0961,2025-10,2025,10,SURYAPET,27865.0,1309.0,27.0,27.0,7,72,16.876863,79.888089,3.3,3.3,1.0,Government,,,IOCL,LEV AC Charge point,South,11467.701171875,41.0,0.0,1.0,1.0,9.0,2.0
646,CHG_0962,2025-10,2025,10,SURYAPET,27865.0,1309.0,27.0,27.0,7,72,16.915935,79.732126,3.3,3.3,1.0,Government,,,IOCL,LEV AC Charge point,South,36.055397033691406,6.0,0.0,0.0,0.0,0.0,0.0
647,CHG_0963,2025-10,2025,10,SURYAPET,27865.0,1309.0,27.0,27.0,7,72,17.150628,79.577475,25.0,25,2.0,Private,,,Tata Power,Combo (CCS-II+CHAdeMO),South,-99999.0,0.0,0.0,0.0,0.0,0.0,0.0
653,CHG_0964,2025-10,2025,10,SURYAPET,27865.0,1309.0,27.0,27.0,7,72,17.152535,79.569919,25.0,25,2.0,Private,,,Tata Power,Combo (CCS-II+CHAdeMO),South,1950.8116455078125,1.0,2.0,0.0,0.0,0.0,0.0
648,CHG_0966,2025-10,2025,10,SURYAPET,27865.0,1309.0,27.0,27.0,7,72,16.972505,80.020037,7.0,7,1.0,Government,,,BPCL,Type II,South,712.15673828125,3.0,0.0,0.0,1.0,0.0,0.0
682,CHG_0967,2025-10,2025,10,SURYAPET,27865.0,1309.0,27.0,27.0,6,72,16.972505,80.020037,60.0,60,2.0,Government,,,BPCL,CCS,South,12794.5185546875,112.0,164.0,2.0,3.0,15.0,6.0
738,CHG_0968,2025-10,2025,10,SURYAPET,27865.0,1309.0,27.0,27.0,5,72,17.112727,79.685394,3.0,3,1.0,Government,,,BPCL,Bharat AC,South,396.7508850097656,0.0,0.0,0.0,0.0,0.0,0.0
737,CHG_0969,2025-10,2025,10,SURYAPET,27865.0,1309.0,27.0,27.0,5,72,17.112727,79.685394,60.0,60,2.0,Government,,,BPCL,CCS,South,8449.9111328125,23.0,0.0,0.0,1.0,3.0,4.0
681,CHG_0982,2025-10,2025,10,VIKARABAD,0.0,54.0,1.0,1.0,6,27,17.558364,77.914433,3.3,3.3,1.0,Government,,,IOCL,LEV AC Charge point,South,13012.56640625,69.0,109.0,4.0,1.0,15.0,2.0
432,CHG_0418,2025-10,2025,10,WANAPARTHY,27736.0,958.0,24.0,24.0,25,18,16.382337,77.932193,3.3,3.3,1.0,Government,,,HPCL,Bharat AC-001,South,617.5761108398438,1.0,0.0,0.0,0.0,0.0,0.0
435,CHG_0419,2025-10,2025,10,WANAPARTHY,27736.0,958.0,24.0,24.0,25,18,16.370242,78.271593,3.3,3.3,1.0,Government,,,HPCL,Bharat AC-001,South,10629.1083984375,42.0,27.0,1.0,0.0,6.0,7.0
366,CHG_0988,2025-10,2025,10,WANAPARTHY,3817.0,296.0,6.0,6.0,32,18,16.382307,78.075599,7.4,7.4,1.0,Government,,,HPCL,Type-II AC,South,13208.5830078125,128.0,26.0,9.0,6.0,26.0,11.0
450,CHG_0989,2025-10,2025,10,WANAPARTHY,3817.0,296.0,6.0,6.0,24,18,16.248764,77.959427,3.3,3.3,1.0,Government,,,HPCL,Bharat AC-001,South,8082.51513671875,49.0,12.0,1.0,1.0,4.0,2.0
588,CHG_0990,2025-10,2025,10,WANAPARTHY,3817.0,296.0,6.0,6.0,9,18,16.382307,78.075599,3.3,3.3,1.0,Government,,,HPCL,Bharat AC-001,South,504.8237609863281,1.0,0.0,0.0,0.0,0.0,0.0
579,CHG_0991,2025-10,2025,10,WANAPARTHY,3817.0,296.0,6.0,6.0,9,18,16.365246,78.051801,3.0,3,1.0,Government,,,HPCL,Bharat AC-001,South,8880.2373046875,121.0,58.0,7.0,6.0,14.0,10.0
741,CHG_0992,2025-10,2025,10,WANAPARTHY,3817.0,296.0,6.0,6.0,5,18,16.22388,77.968549,30.0,30,1.0,Government,,,HPCL,CCS-II,South,9441.3173828125,32.0,15.0,9.0,1.0,3.0,0.0
740,CHG_0993,2025-10,2025,10,WANAPARTHY,3817.0,296.0,6.0,6.0,5,18,16.461665,78.071901,3.3,3.3,1.0,Government,,,IOCL,LEV AC Charge point,South,9441.3173828125,32.0,15.0,9.0,1.0,3.0,0.0
774,CHG_0612,2025-10,2025,10,YADADRI BHUVANAGIRI,17282.0,1738.0,36.0,36.0,4,82,17.522471,78.924306,25.0,25,2.0,Private,,,Tata Power,Combo (CCS-II+CHAdeMO),South,122.32721710205078,4.0,0.0,0.0,0.0,0.0,0.0
305,CHG_1004,2025-10,2025,10,YADADRI BHUVANAGIRI,16177.0,1363.0,26.0,26.0,33,82,17.237716,78.947218,50.0,50,2.0,Private,,,Fortum,Combo (CCS-II+CHAdeMO),South,4703.7822265625,37.0,0.0,4.0,0.0,3.0,6.0
388,CHG_1005,2025-10,2025,10,YADADRI BHUVANAGIRI,16177.0,1363.0,26.0,26.0,29,82,17.237716,78.947218,50.0,50,2.0,Private,,,Fortum,Combo (CCS-II+CHAdeMO),South,16152.669921875,136.0,47.0,11.0,4.0,23.0,22.0
447,CHG_1006,2025-10,2025,10,YADADRI BHUVANAGIRI,16177.0,1363.0,26.0,26.0,24,82,17.57803,78.948153,7.4,7.4,1.0,Government,,,HPCL,Type-II AC,South,14151.7041015625,128.0,29.0,8.0,5.0,20.0,26.0
467,CHG_1007,2025-10,2025,10,YADADRI BHUVANAGIRI,16177.0,1363.0,26.0,26.0,23,82,17.461837,79.131697,3.3,3.3,1.0,Government,,,HPCL,Bharat AC-001,South,4857.63720703125,54.0,14.0,2.0,4.0,4.0,1.0
475,CHG_1008,2025-10,2025,10,YADADRI BHUVANAGIRI,16177.0,1363.0,26.0,26.0,22,82,17.562625,78.820868,3.3,3.3,1.0,Government,,,HPCL,Bharat AC-001,South,13208.5830078125,129.0,27.0,9.0,6.0,26.0,11.0
485,CHG_1009,2025-10,2025,10,YADADRI BHUVANAGIRI,16177.0,1363.0,26.0,26.0,21,82,17.421966,79.109526,3.3,3.3,1.0,Government,,,IOCL,LEV AC Charge point,South,13208.5830078125,129.0,27.0,9.0,6.0,26.0,11.0
569,CHG_1010,2025-10,2025,10,YADADRI BHUVANAGIRI,16177.0,1363.0,26.0,26.0,10,82,17.761862,78.969675,3.3,3.3,1.0,Government,,,IOCL,LEV AC Charge point,South,1073.4996337890625,0.0,0.0,0.0,0.0,0.0,0.0
618,CHG_1011,2025-10,2025,10,YADADRI BHUVANAGIRI,16177.0,1363.0,26.0,26.0,8,82,17.440284,78.817335,3.3,3.3,1.0,Government,,,IOCL,LEV AC Charge point,South,11650.482421875,40.0,10.0,4.0,3.0,6.0,1.0
617,CHG_1012,2025-10,2025,10,YADADRI BHUVANAGIRI,16177.0,1363.0,26.0,26.0,8,82,17.393294,79.203417,3.3,3.3,1.0,Government,,,IOCL,LEV AC Charge point,South,12527.927734375,41.0,7.0,1.0,9.0,7.0,2.0
616,CHG_1013,2025-10,2025,10,YADADRI BHUVANAGIRI,16177.0,1363.0,26.0,26.0,8,82,17.23732,78.947174,7.4,7.4,1.0,Government,,,IOCL,Type-II AC,South,898.6812744140625,2.0,0.0,0.0,0.0,0.0,0.0
615,CHG_1014,2025-10,2025,10,YADADRI BHUVANAGIRI,16177.0,1363.0,26.0,26.0,8,82,17.368713,79.032797,3.3,3.3,1.0,Government,,,IOCL,LEV AC Charge point,South,13894.173828125,178.0,51.0,23.0,7.0,26.0,15.0
652,CHG_1015,2025-10,2025,10,YADADRI BHUVANAGIRI,16177.0,1363.0,26.0,26.0,7,82,17.536787,78.91623,7.4,7.4,1.0,Government,,,IOCL,Type-II AC,South,9343.1689453125,54.0,49.0,2.0,5.0,7.0,2.0
651,CHG_1016,2025-10,2025,10,YADADRI BHUVANAGIRI,16177.0,1363.0,26.0,26.0,7,82,17.523887,78.89804,7.4,7.4,1.0,Private,,,Joule,Type-II AC,South,13394.7255859375,54.0,20.0,2.0,2.0,9.0,5.0
650,CHG_1017,2025-10,2025,10,YADADRI BHUVANAGIRI,16177.0,1363.0,26.0,26.0,7,82,17.245691,78.921473,10.0,3.3,1.0,Private,,,Joule,Bharat AC-001,South,13394.7255859375,54.0,20.0,2.0,2.0,9.0,5.0
649,CHG_1018,2025-10,2025,10,YADADRI BHUVANAGIRI,16177.0,1363.0,26.0,26.0,7,82,17.245691,78.921473,10.0,3.3,1.0,Private,,,Joule,Bharat AC-001,South,9526.7626953125,6.0,0.0,0.0,0.0,1.0,0.0
691,CHG_1019,2025-10,2025,10,YADADRI BHUVANAGIRI,16177.0,1363.0,26.0,26.0,6,82,17.245691,78.921473,10.0,3.3,1.0,Private,,,Joule,Bharat AC-001,South,799.6936645507812,0.0,0.0,0.0,0.0,0.0,0.0
690,CHG_1020,2025-10,2025,10,YADADRI BHUVANAGIRI,16177.0,1363.0,26.0,26.0,6,82,17.245514,78.921059,7.4,7.4,1.0,Private,,,Joule,Type-II AC,South,12057.404296875,66.0,20.0,8.0,1.0,14.0,16.0
689,CHG_1021,2025-10,2025,10,YADADRI BHUVANAGIRI,16177.0,1363.0,26.0,26.0,6,82,17.245514,78.921059,7.4,7.4,1.0,Private,,,Joule,Type-II AC,South,12057.404296875,66.0,20.0,8.0,1.0,14.0,16.0
688,CHG_1022,2025-10,2025,10,YADADRI BHUVANAGIRI,16177.0,1363.0,26.0,26.0,6,82,17.245997,78.921388,30.0,30,1.0,Private,,,Joule,CCS-II,South,9110.677734375,69.0,46.0,2.0,3.0,8.0,3.0
687,CHG_1023,2025-10,2025,10,YADADRI BHUVANAGIRI,16177.0,1363.0,26.0,26.0,6,82,17.496111,78.837583,3.0,3,1.0,Government,,,BPCL,Bharat AC,South,8905.4765625,38.0,11.0,0.0,0.0,6.0,1.0
686,CHG_1024,2025-10,2025,10,YADADRI BHUVANAGIRI,16177.0,1363.0,26.0,26.0,6,82,17.496111,78.837583,60.0,60,2.0,Government,,,BPCL,CCS,South,3130.98974609375,37.0,21.0,1.0,3.0,3.0,1.0
685,CHG_1025,2025-10,2025,10,YADADRI BHUVANAGIRI,16177.0,1363.0,26.0,26.0,6,82,17.537272,78.860853,3.0,3,1.0,Government,,,BPCL,Bharat AC,South,3130.98974609375,37.0,21.0,1.0,3.0,3.0,1.0
684,CHG_1026,2025-10,2025,10,YADADRI BHUVANAGIRI,16177.0,1363.0,26.0,26.0,6,82,17.537272,78.860853,60.0,60,2.0,Government,,,BPCL,CCS,South,4104.11328125,12.0,2.0,0.0,0.0,0.0,3.0
683,CHG_1027,2025-10,2025,10,YADADRI BHUVANAGIRI,16177.0,1363.0,26.0,26.0,6,82,17.526807,78.903984,3.0,3,1.0,Government,,,BPCL,Bharat AC,South,3465.584228515625,17.0,6.0,2.0,1.0,2.0,0.0
739,CHG_1028,2025-10,2025,10,YADADRI BHUVANAGIRI,16177.0,1363.0,26.0,26.0,5,82,17.292542,78.75148,7.0,7,1.0,Government,,,BPCL,Type II,South,7040.419921875,147.0,66.0,16.0,1.0,12.0,2.0
773,CHG_1029,2025-10,2025,10,YADADRI BHUVANAGIRI,16177.0,1363.0,26.0,26.0,4,82,17.292542,78.75148,60.0,60,2.0,Government,,,BPCL,CCS,South,10777.6259765625,34.0,5.0,3.0,0.0,0.0,10.0
